"id_usuario","direccion_estacion_origen","direccion_estacion_destino","duracion_recorrido","distancia","dia"
27319,"1226 Ecuador & Mansilla, Lucio Norberto, General","Armenia 1525 y Gorriti",1020,3530.1388927425,"Viernes"
454661,"Fitz Roy & Gorriti","Armenia 1525 y Gorriti",2704,8234.39671519833,"Domingo"
344275,"Armenia 2315 & Charcas","Armenia 1525 y Gorriti",696,1971.96275528986,"Jueves"
417813,"1321 Villarroel & Humboldt CABA","Armenia 1525 y Gorriti",1854,7267.57114757784,"Domingo"
176670,"Armenia 1525 y Gorriti","Armenia 1525 y Gorriti",448,1787.01645483573,"Lunes"
323426,"Parana & Juncal","Armenia 1525 y Gorriti",1301,4990.81399940607,"Domingo"
139067,"3822 Guemes","Armenia 1525 y Gorriti",812,2260.90029085107,"Sábado"
27319,"Dr Tomas Manuel De  Anchorena &  Jose A. Cabrera","Armenia 1525 y Gorriti",981,3975.5284570856,"Sábado"
27319,"Dr Tomas Manuel De  Anchorena &  Jose A. Cabrera","Armenia 1525 y Gorriti",736,3025.18317165474,"Jueves"
366300,"Zapiola & Dorrego","Armenia 1525 y Gorriti",1012,3015.49874587864,"Miércoles"
22241,"Santa Fe Av. & Dorrego","Armenia 1525 y Gorriti",743,2226.70658551312,"Martes"
9614,"F.J.Santamaria de Oro & Guatemala","Armenia 1525 y Gorriti",446,1453.9443175994,"Jueves"
52659,"708 Pasco & Chile","México & Lima",552,1816.96519779507,"Viernes"
52659,"3024 Calvo, Carlos","México & Lima",889,3364.33587479114,"Miércoles"
517670,"Villaflor, Azucena & Dealessi, Pierina","México & Lima",707,2214.4415925328,"Martes"
378469,"1413 Araoz & Gorriti CABA","Av. Pres. Figueroa Alcorta 2120",1680,5096.06999973767,"Domingo"
423251,"Uriburu Jose E., Pres. & Paraguay","Av. Pres. Figueroa Alcorta 2120",4323,15830.3253908234,"Sábado"
366300,"2939 Cavia","Av. Pres. Figueroa Alcorta 2120",860,2829.64098350041,"Miércoles"
489084,"Av. Del Libertador, 3260","Av. Pres. Figueroa Alcorta 2120",727,2182.5458230593,"Martes"
291847,"Av. Del Libertador, 3260","Av. Pres. Figueroa Alcorta 2120",2590,9816.43684969943,"Domingo"
246515,"3050 Ugarteche","Av. Pres. Figueroa Alcorta 2120",706,2364.33970591752,"Martes"
15019,"Moreno & Av Paseo Colon","Av. Pres. Figueroa Alcorta 2120",1095,3050.69230086519,"Martes"
215828,"Santa Fe Av. & Bullrich, Int. Av.","1226 Ecuador & Mansilla, Lucio Norberto, General",1356,4818.61038454808,"Viernes"
29130,"Avenida Juan de Garay 1050","1226 Ecuador & Mansilla, Lucio Norberto, General",1420,5197.08246273351,"Martes"
107249,"Lavalle & Acuña De Figueroa, Francisco","1226 Ecuador & Mansilla, Lucio Norberto, General",420,1735.22066061075,"Domingo"
107249,"Lavalle & Acuña De Figueroa, Francisco","1226 Ecuador & Mansilla, Lucio Norberto, General",670,2698.35912592761,"Lunes"
107249,"Lavalle & Acuña De Figueroa, Francisco","1226 Ecuador & Mansilla, Lucio Norberto, General",560,2247.22585930592,"Jueves"
6882,"Santa Fe Av. & Dorrego","1226 Ecuador & Mansilla, Lucio Norberto, General",1577,4624.35154633584,"Martes"
106459,"2001 Donado","Moreno & Av Paseo Colon",5242,20832.9898084391,"Martes"
121772,"Cerrito 990 y Av. Marcelo T. De Alvear","Beruti & Ecuador",928,3519.11938398456,"Viernes"
121772,"Avenida Martin Garcia y Ruy Díaz de Guzmán","Beruti & Ecuador",2403,9367.15926351899,"Sábado"
121772,"Lavalle & Acuña De Figueroa, Francisco","Beruti & Ecuador",1079,3049.02926052423,"Viernes"
121772,"3912 Humahuaca","Beruti & Ecuador",1145,4476.38788836129,"Miércoles"
121772,"3912 Humahuaca","Beruti & Ecuador",1064,3578.54030710231,"Lunes"
323426,"1413 Araoz & Gorriti CABA","Riobamba 1264 & Juncal",1401,5643.05981657623,"Domingo"
552401,"Peña & Azcuenaga","Riobamba 1264 & Juncal",401,1320.7336756003,"Domingo"
552401,"Peña & Azcuenaga","Riobamba 1264 & Juncal",463,1377.03871710013,"Miércoles"
552401,"Peña & Azcuenaga","Riobamba 1264 & Juncal",611,2440.27242755692,"Martes"
552401,"Peña & Azcuenaga","Riobamba 1264 & Juncal",349,1280.48465496912,"Lunes"
323426,"Armenia 1525 y Gorriti","Riobamba 1264 & Juncal",1124,4674.85899104245,"Miércoles"
323426,"Costa Rica & Armenia","Riobamba 1264 & Juncal",1355,4587.82525372387,"Jueves"
521489,"Av. Del Libertador, 3260","Godoy Cruz  3279 y Libertador",1498,5230.26495427346,"Domingo"
521425,"Av. Del Libertador, 3260","Godoy Cruz  3279 y Libertador",1590,5163.51107505034,"Domingo"
566218,"1483 Quinteros, Lidoro J. Av.","Godoy Cruz  3279 y Libertador",1444,5464.47667293639,"Miércoles"
562734,"3082 Cabello","Godoy Cruz  3279 y Libertador",1951,7800.04768359326,"Sábado"
600268,"Figueroa Alcorta & Sarmiento","Godoy Cruz  3279 y Libertador",4793,15916.6484006752,"Martes"
358740,"Guatemala 4773","Godoy Cruz  3279 y Libertador",1070,3258.52849834094,"Domingo"
227451,"1981 Vidal","Godoy Cruz  3279 y Libertador",1677,4804.59189898102,"Jueves"
417033,"o´higins 1327","Godoy Cruz  3279 y Libertador",1905,5503.10767888247,"Lunes"
585710,"67 San Martin","Godoy Cruz  3279 y Libertador",2397,8495.89263029047,"Viernes"
526048,"Urquiza, Gral. & Rondeau","441 Bulnes & Peron, Juan Domingo, Tte. General",28392,110221.703751851,"Miércoles"
526048,"Urquiza, Gral. & Rondeau","441 Bulnes & Peron, Juan Domingo, Tte. General",1548,5326.41108321259,"Martes"
526048,"3912 Humahuaca","2875 Moreno",1304,3673.90913947796,"Sábado"
526048,"3912 Humahuaca","2875 Moreno",1262,3969.62149409163,"Sábado"
584660,"Calle Perú, 718","Dr Tomas Manuel De  Anchorena &  Jose A. Cabrera",1829,5894.15161660355,"Miércoles"
408948,"Machaca Guemes 350","Dr Tomas Manuel De  Anchorena &  Jose A. Cabrera",2049,7186.4176804355,"Viernes"
220327,"Salguero, Jeronimo & Mansilla, Lucio Norberto, General","Dr Tomas Manuel De  Anchorena &  Jose A. Cabrera",719,2950.58479355519,"Sábado"
220327,"Salguero, Jeronimo & Mansilla, Lucio Norberto, General","Dr Tomas Manuel De  Anchorena &  Jose A. Cabrera",1122,4146.14149073604,"Sábado"
220327,"3508 Carcova","Dr Tomas Manuel De  Anchorena &  Jose A. Cabrera",270,942.609887744766,"Martes"
220327,"3508 Carcova","Dr Tomas Manuel De  Anchorena &  Jose A. Cabrera",347,1354.32317728636,"Sábado"
220327,"3508 Carcova","Dr Tomas Manuel De  Anchorena &  Jose A. Cabrera",243,950.205312838079,"Domingo"
220327,"Dr Tomas Manuel De  Anchorena &  Jose A. Cabrera","Dr Tomas Manuel De  Anchorena &  Jose A. Cabrera",2541,9486.73085951305,"Viernes"
405981,"Dr Tomas Manuel De  Anchorena &  Jose A. Cabrera","Dr Tomas Manuel De  Anchorena &  Jose A. Cabrera",2621,8699.12513823656,"Viernes"
584660,"Dr Tomas Manuel De  Anchorena &  Jose A. Cabrera","Dr Tomas Manuel De  Anchorena &  Jose A. Cabrera",602,1760.72465842202,"Miércoles"
584660,"Virasoro, Valentin & Figueroa, D Apolinario, Coronel","Dr Tomas Manuel De  Anchorena &  Jose A. Cabrera",1793,6756.86651211614,"Jueves"
584660,"169 Peru & Roca, Julio A., Presidente Diagonal Sur Av.","Dr Tomas Manuel De  Anchorena &  Jose A. Cabrera",1568,5424.26192864983,"Martes"
276670,"1590 Lavalle","3302 Guardia Vieja & Aguero",1464,5040.57805569998,"Domingo"
152534,"3997 TTE. GENERAL JUAN DOMINGO PERON","3302 Guardia Vieja & Aguero",565,1677.0034391973,"Miércoles"
383957,"1321 Villarroel & Humboldt CABA","3302 Guardia Vieja & Aguero",1352,4584.46763634371,"Domingo"
408948,"1785 Espinosa","3302 Guardia Vieja & Aguero",1440,4212.75747288018,"Miércoles"
408948,"1785 Espinosa","3302 Guardia Vieja & Aguero",1241,4340.63233756687,"Lunes"
408948,"1785 Espinosa","3302 Guardia Vieja & Aguero",1420,3959.16704665999,"Miércoles"
408948,"1785 Espinosa","3302 Guardia Vieja & Aguero",1664,5033.94443959826,"Miércoles"
408948,"1785 Espinosa","3302 Guardia Vieja & Aguero",1441,4480.87473978942,"Jueves"
306856,"2080 Austria","3302 Guardia Vieja & Aguero",2467,8922.36105865773,"Martes"
408948,"2300 Diaz, Cnel. Av. & French","3302 Guardia Vieja & Aguero",1300,3948.09396779035,"Martes"
408948,"Reconquista 76 & Cordoba Av.","3302 Guardia Vieja & Aguero",1261,3688.35885760135,"Domingo"
121772,"Beruti & Ecuador","Lavalle & Acuña De Figueroa, Francisco",733,2063.11572460496,"Jueves"
121772,"Beruti & Ecuador","Lavalle & Acuña De Figueroa, Francisco",849,3487.51909814309,"Lunes"
121772,"Guemes 3330 & Coronel Diaz","Lavalle & Acuña De Figueroa, Francisco",750,2233.18390320249,"Martes"
121772,"Guemes 3330 & Coronel Diaz","Lavalle & Acuña De Figueroa, Francisco",682,2621.43058540597,"Miércoles"
107249,"1226 Ecuador & Mansilla, Lucio Norberto, General","Lavalle & Acuña De Figueroa, Francisco",525,1949.88876278027,"Miércoles"
204470,"Armenia 2315 & Charcas","Lavalle & Acuña De Figueroa, Francisco",596,1803.01773909531,"Jueves"
204470,"Armenia 2315 & Charcas","Lavalle & Acuña De Figueroa, Francisco",631,2202.94137821701,"Miércoles"
204470,"Armenia 2315 & Charcas","Lavalle & Acuña De Figueroa, Francisco",558,1614.1100610781,"Martes"
107249,"1520 Billinghurst & Mansilla, Lucio Norberto, General","Lavalle & Acuña De Figueroa, Francisco",695,1948.95737725569,"Domingo"
488053,"2000 Vicente Lopez","Lavalle & Acuña De Figueroa, Francisco",1543,4678.95114816913,"Domingo"
121772,"3508 Carcova","Lavalle & Acuña De Figueroa, Francisco",375,1457.02819269597,"Lunes"
291847,"Figueroa Alcorta, Pres. Av. & Dorrego Av.","Lavalle & Acuña De Figueroa, Francisco",2127,7126.61473880483,"Lunes"
107249,"Dr Tomas Manuel De  Anchorena &  Jose A. Cabrera","Lavalle & Acuña De Figueroa, Francisco",442,1376.38867092125,"Jueves"
2682,"Aguero & Mansilla, Lucio Norberto, General","Lavalle & Acuña De Figueroa, Francisco",365,1215.70037015449,"Viernes"
121772,"Aguero & Mansilla, Lucio Norberto, General","Lavalle & Acuña De Figueroa, Francisco",604,2506.50451058237,"Miércoles"
366300,"Zapiola & Dorrego","Lavalle & Acuña De Figueroa, Francisco",1023,3775.56619808214,"Miércoles"
204470,"Guatemala 4773","Lavalle & Acuña De Figueroa, Francisco",637,2549.50734548394,"Jueves"
204470,"Guatemala 4773","Lavalle & Acuña De Figueroa, Francisco",683,2812.49749537868,"Martes"
204470,"Guatemala 4773","Lavalle & Acuña De Figueroa, Francisco",657,2726.19293816679,"Sábado"
204470,"Guatemala 4773","Lavalle & Acuña De Figueroa, Francisco",724,2964.19881735152,"Viernes"
204470,"Guatemala 4773","Lavalle & Acuña De Figueroa, Francisco",656,2121.74801578642,"Jueves"
204470,"Guatemala 4773","Lavalle & Acuña De Figueroa, Francisco",683,2380.1907373201,"Miércoles"
204470,"Guatemala 4773","Lavalle & Acuña De Figueroa, Francisco",651,2273.6692882987,"Viernes"
204470,"Guatemala 4773","Lavalle & Acuña De Figueroa, Francisco",592,1800.79705578585,"Martes"
204470,"Guatemala 4773","Lavalle & Acuña De Figueroa, Francisco",633,2480.87270926432,"Lunes"
459612,"2000 Vicente Lopez","Cevallos, Virrey& Yrigoyen, Hipolito Av.",1071,4282.76341660239,"Jueves"
459612,"2000 Vicente Lopez","Cevallos, Virrey& Yrigoyen, Hipolito Av.",1018,3180.59883781372,"Lunes"
459612,"2000 Vicente Lopez","Cevallos, Virrey& Yrigoyen, Hipolito Av.",1093,3286.65050816328,"Sábado"
459612,"2000 Vicente Lopez","Cevallos, Virrey& Yrigoyen, Hipolito Av.",1090,4117.84170768806,"Miércoles"
459612,"2000 Vicente Lopez","Cevallos, Virrey& Yrigoyen, Hipolito Av.",1145,4206.43748264734,"Martes"
459612,"Peña & Azcuenaga","Cevallos, Virrey& Yrigoyen, Hipolito Av.",994,3116.22741911625,"Sábado"
459612,"Peña & Azcuenaga","Cevallos, Virrey& Yrigoyen, Hipolito Av.",1254,3636.38331188316,"Lunes"
459612,"Peña & Azcuenaga","Cevallos, Virrey& Yrigoyen, Hipolito Av.",806,3292.96746426133,"Domingo"
459612,"Peña & Azcuenaga","Cevallos, Virrey& Yrigoyen, Hipolito Av.",890,2751.62644821103,"Domingo"
459612,"Peña & Azcuenaga","Cevallos, Virrey& Yrigoyen, Hipolito Av.",1147,3268.51605118427,"Sábado"
459612,"Peña & Azcuenaga","Cevallos, Virrey& Yrigoyen, Hipolito Av.",984,3569.74564324288,"Miércoles"
459612,"Peña & Azcuenaga","Cevallos, Virrey& Yrigoyen, Hipolito Av.",1099,4178.00885786775,"Sábado"
459612,"Lavalle & Acuña De Figueroa, Francisco","Cevallos, Virrey& Yrigoyen, Hipolito Av.",12987,44286.543814803,"Martes"
358123,"3568 Estados Unidos & Boedo Av.","Cevallos, Virrey& Yrigoyen, Hipolito Av.",1581,5099.36560777909,"Jueves"
169858,"Libertad & lavalle","Cevallos, Virrey& Yrigoyen, Hipolito Av.",1054,4032.82473204955,"Domingo"
131788,"2939 Cavia","1520 Billinghurst & Mansilla, Lucio Norberto, General",899,3665.08906025685,"Sábado"
131788,"Juncal & Salguero, Jeronimo","1520 Billinghurst & Mansilla, Lucio Norberto, General",1503,4479.57448366506,"Miércoles"
131788,"2700 Pedraza, Manuela","1520 Billinghurst & Mansilla, Lucio Norberto, General",2709,10921.360021882,"Viernes"
131788,"2300 Diaz, Cnel. Av. & French","1520 Billinghurst & Mansilla, Lucio Norberto, General",787,2810.79736613125,"Lunes"
121772,"Lavalle & Acuña De Figueroa, Francisco","1520 Billinghurst & Mansilla, Lucio Norberto, General",522,1461.94527046173,"Miércoles"
121772,"Lavalle & Acuña De Figueroa, Francisco","1520 Billinghurst & Mansilla, Lucio Norberto, General",588,2310.15129419199,"Martes"
557738,"Machaca Guemes 350","Reconquista 76 & Cordoba Av.",510,1821.02626763905,"Sábado"
258093,"Peña & Azcuenaga","Reconquista 76 & Cordoba Av.",3767,13046.9437427376,"Jueves"
557738,"Moreno & Av Paseo Colon","Reconquista 76 & Cordoba Av.",869,3110.03516119413,"Sábado"
503769,"Av. Patricias Argentinas & Estivao","Av. Patricias Argentinas & Estivao",1446,5400.28768280948,"Martes"
208218,"Av. Patricias Argentinas & Estivao","Av. Patricias Argentinas & Estivao",635,2575.33173895434,"Domingo"
391791,"Av. Patricias Argentinas & Estivao","Av. Patricias Argentinas & Estivao",1242,4522.86594502511,"Martes"
208218,"Av. Patricias Argentinas & Estivao","Av. Patricias Argentinas & Estivao",1586,6178.2463176758,"Lunes"
503769,"Av. Patricias Argentinas & Estivao","Av. Patricias Argentinas & Estivao",1659,6607.71388049664,"Sábado"
254587,"Godoy Cruz  3279 y Libertador","Av. Patricias Argentinas & Estivao",1947,6115.17104694988,"Miércoles"
81173,"Av. Pueyrredon & Av. Rivadavia","Av. Patricias Argentinas & Estivao",771,2550.22073785852,"Martes"
174816,"Salguero, Jeronimo & Mansilla, Lucio Norberto, General","Av. Patricias Argentinas & Estivao",1299,5103.50207575442,"Viernes"
14204,"Ayacucho 595","Av. Patricias Argentinas & Estivao",2133,8467.21837956284,"Viernes"
504460,"1078 Gurruchaga","Av. Patricias Argentinas & Estivao",869,3295.85901522466,"Sábado"
563606,"1413 Araoz & Gorriti CABA","Juncal & Salguero, Jeronimo",780,3037.45594222952,"Sábado"
83668,"Salguero, Jeronimo & Mansilla, Lucio Norberto, General","Juncal & Salguero, Jeronimo",376,1212.10773921209,"Sábado"
563606,"Av. Sarmiento 2601","Juncal & Salguero, Jeronimo",740,2385.08658629144,"Miércoles"
301804,"Calcena & Avellaneda Av.","141 Jose Maria Moreno",697,2212.18531970581,"Lunes"
301804,"Calcena & Avellaneda Av.","141 Jose Maria Moreno",1118,4310.17673108597,"Miércoles"
66945,"925 Yatay& Humahuaca","141 Jose Maria Moreno",1057,4383.45708608039,"Lunes"
219877,"2502 Galicia","141 Jose Maria Moreno",3513,13302.1318049189,"Lunes"
66945,"394 Rawson & Potosi","141 Jose Maria Moreno",661,2307.22454596996,"Miércoles"
152534,"4300 Yrigoyen, Hipolito Av.","141 Jose Maria Moreno",1747,5151.9829453202,"Viernes"
179732,"141 Jose Maria Moreno","141 Jose Maria Moreno",3735,11143.9935144444,"Domingo"
472562,"3508 Carcova","780 Malabia & Loyola",1011,2995.99690006192,"Miércoles"
2682,"1590 Lavalle","Pres. José Evaristo Uriburu 987",494,1931.35683861652,"Martes"
54748,"Miller & Monroe","Pres. José Evaristo Uriburu 987",3573,11174.6674925613,"Lunes"
126269,"J.Ramirez de Velasco 285","2300 Diaz, Cnel. Av. & French",1269,3568.71472536586,"Viernes"
219578,"2300 Diaz, Cnel. Av. & French","2300 Diaz, Cnel. Av. & French",4531,17073.0829634109,"Viernes"
39009,"3082 Cabello","2300 Diaz, Cnel. Av. & French",3118,10201.0830520426,"Miércoles"
39009,"3082 Cabello","2300 Diaz, Cnel. Av. & French",2794,10728.4315040807,"Jueves"
356623,"3568 Estados Unidos & Boedo Av.","2300 Diaz, Cnel. Av. & French",1845,5150.10858939786,"Sábado"
204507,"Peña & Azcuenaga","Ayacucho 595",744,2370.09193864651,"Lunes"
29130,"Avenida Rivadavia y Fray Cayetano","Ayacucho 595",2664,8049.31773915887,"Martes"
237458,"Avenida Martin Garcia, 295","Ayacucho 595",3910,13228.0294607788,"Jueves"
517670,"169 Peru & Roca, Julio A., Presidente Diagonal Sur Av.","Ayacucho 595",761,2898.54094329639,"Lunes"
517670,"169 Peru & Roca, Julio A., Presidente Diagonal Sur Av.","Ayacucho 595",591,1861.83643926731,"Viernes"
517670,"169 Peru & Roca, Julio A., Presidente Diagonal Sur Av.","Ayacucho 595",692,1951.91767254793,"Lunes"
526048,"925 Yatay& Humahuaca","3912 Humahuaca",424,1520.89707041935,"Miércoles"
526048,"3302 Guardia Vieja & Aguero","3912 Humahuaca",599,2330.10678190266,"Sábado"
526048,"3302 Guardia Vieja & Aguero","3912 Humahuaca",554,2082.24599397897,"Viernes"
526048,"3302 Guardia Vieja & Aguero","3912 Humahuaca",535,2183.68264604457,"Viernes"
134801,"3912 Humahuaca","3912 Humahuaca",6901,26991.787806207,"Jueves"
526048,"Urquiza, Gral. & Rondeau","3912 Humahuaca",1219,3960.96224476092,"Martes"
152534,"3051 San Martin De Tours","3912 Humahuaca",1497,4391.28853921429,"Martes"
69302,"Av. Patricias Argentinas & Estivao","803 José Marmol",1001,3722.71922136068,"Domingo"
24942,"Bruno Giordano&Neuquen","803 José Marmol",1139,4029.54728769805,"Jueves"
581460,"Av. Del Libertador, 3260","803 José Marmol",2652,8216.11757389813,"Jueves"
356623,"3568 Estados Unidos & Boedo Av.","803 José Marmol",12114,46309.9343997368,"Viernes"
52659,"708 Pasco & Chile","Bartolome Mitre & Av. Puyrredon",545,1921.40999638003,"Martes"
36570,"441 Bulnes & Peron, Juan Domingo, Tte. General","Bartolome Mitre & Av. Puyrredon",4679,18305.7023917596,"Domingo"
396395,"Figueroa Alcorta, Pres. Av. & Dorrego Av.","Figueroa Alcorta, Pres. Av. & Dorrego Av.",1643,4998.09372701178,"Viernes"
396395,"Figueroa Alcorta, Pres. Av. & Dorrego Av.","Figueroa Alcorta, Pres. Av. & Dorrego Av.",1450,4492.00501932258,"Viernes"
409650,"Figueroa Alcorta, Pres. Av. & Dorrego Av.","Figueroa Alcorta, Pres. Av. & Dorrego Av.",1835,5772.75438725741,"Miércoles"
28672,"Figueroa Alcorta, Pres. Av. & Dorrego Av.","Figueroa Alcorta, Pres. Av. & Dorrego Av.",1618,6617.32428409612,"Lunes"
291847,"Lavalle & Acuña De Figueroa, Francisco","Figueroa Alcorta, Pres. Av. & Dorrego Av.",1443,4428.04698145968,"Lunes"
14547,"Olleros Av. & Del Libertador Av.","Maure 1819",1182,4590.35255691075,"Martes"
227451,"1981 Vidal","Maure 1819",1277,4771.2584982597,"Martes"
227451,"Amenabar y Mendoza","Maure 1819",1132,4650.01332961773,"Miércoles"
220327,"1226 Ecuador & Mansilla, Lucio Norberto, General","Salguero, Jeronimo & Mansilla, Lucio Norberto, General",491,1808.70070939418,"Martes"
220327,"684 Boulogne Sur Mer & Tucuman","Salguero, Jeronimo & Mansilla, Lucio Norberto, General",613,1996.61817927554,"Sábado"
220327,"Dr Tomas Manuel De  Anchorena &  Jose A. Cabrera","Salguero, Jeronimo & Mansilla, Lucio Norberto, General",368,1052.81824377986,"Domingo"
220327,"Dr Tomas Manuel De  Anchorena &  Jose A. Cabrera","Salguero, Jeronimo & Mansilla, Lucio Norberto, General",360,1311.11795711331,"Sábado"
472562,"Costa Rica & Armenia","Salguero, Jeronimo & Mansilla, Lucio Norberto, General",454,1311.44878859438,"Domingo"
585710,"Olleros Av. & Del Libertador Av.","Amenabar y Mendoza",1559,4790.99982540938,"Lunes"
233317,"GARCIA DEL RIO & PINTO","Amenabar y Mendoza",937,3729.12034508675,"Lunes"
6882,"Santa Fe Av. & Dorrego","Amenabar y Mendoza",889,2506.0544345958,"Jueves"
525145,"Av. Guzman 1100 & Av. Corrientes","1413 Araoz & Gorriti CABA",1590,6016.55681030631,"Lunes"
187914,"3822 Guemes","1413 Araoz & Gorriti CABA",368,1525.69056976483,"Sábado"
187914,"3822 Guemes","1413 Araoz & Gorriti CABA",334,981.23392679651,"Lunes"
270342,"Godoy Cruz  3279 y Libertador","2939 Cavia",1785,5554.42233128997,"Jueves"
489084,"3822 Guemes","2939 Cavia",858,3266.56719224023,"Lunes"
152534,"394 Rawson & Potosi","2939 Cavia",2072,7852.603402695,"Martes"
72913,"Carlos H. Perette 11","2939 Cavia",1095,3083.15203733218,"Miércoles"
22241,"Fitz Roy & Gorriti","2185 Ravignani, Emilio, Dr. & Guatemala",388,1448.44261453772,"Martes"
121665,"137 Aranguren, Juan F., Dr. & Portugal","2185 Ravignani, Emilio, Dr. & Guatemala",1464,5806.68046191956,"Jueves"
121665,"394 Rawson & Potosi","2185 Ravignani, Emilio, Dr. & Guatemala",1376,4206.24467088944,"Viernes"
227451,"1399 Moldes","2185 Ravignani, Emilio, Dr. & Guatemala",1076,3899.04076233765,"Martes"
319718,"Guemes 3330 & Coronel Diaz","Quintino Bocayuva y Don Bosco",1305,5220.53686976142,"Viernes"
64608,"Maza y don Bosco","Quintino Bocayuva y Don Bosco",3036,10117.2720988669,"Jueves"
130640,"Avenida Rivadavia y Fray Cayetano","Quintino Bocayuva y Don Bosco",1689,6793.95853799748,"Miércoles"
107249,"Virasoro, Valentin & Figueroa, D Apolinario, Coronel","Quintino Bocayuva y Don Bosco",960,2982.76477369169,"Sábado"
267008,"1226 Ecuador & Mansilla, Lucio Norberto, General","3508 Carcova",428,1541.12926241554,"Jueves"
557738,"Santa Fe Av. & Bullrich, Int. Av.","3508 Carcova",1059,4357.98545142267,"Martes"
459612,"3822 Guemes","3508 Carcova",843,3265.66190037605,"Martes"
267008,"394 Rawson & Potosi","3508 Carcova",680,2532.47057232592,"Domingo"
267008,"Cordoba Av. & Montevideo","3508 Carcova",979,3709.04728952284,"Lunes"
547775,"Saavedra & Mexico","3508 Carcova",1566,6358.64829036291,"Miércoles"
147298,"Cevallos, Virrey& Yrigoyen, Hipolito Av.","Maza y don Bosco",885,3326.5259686741,"Domingo"
147298,"Cevallos, Virrey& Yrigoyen, Hipolito Av.","Maza y don Bosco",1928,7684.45169498316,"Domingo"
66945,"Av. Patricias Argentinas & Estivao","Maza y don Bosco",532,1566.96125969368,"Domingo"
358123,"80 Larrea","Maza y don Bosco",558,1919.850792957,"Miércoles"
526048,"2875 Moreno","Maza y don Bosco",924,3070.95779682665,"Sábado"
500321,"608 Doblas & Valle","Maza y don Bosco",1923,6232.45135609565,"Domingo"
147298,"394 Rawson & Potosi","Maza y don Bosco",1663,5014.42171085251,"Miércoles"
66945,"4300 Yrigoyen, Hipolito Av.","Maza y don Bosco",369,1423.97340147872,"Jueves"
147298,"Cevallos, Virrey& Yrigoyen, Hipolito Av.","Av. Pueyrredon & Av. Rivadavia",565,1906.25450778073,"Miércoles"
147298,"Cevallos, Virrey& Yrigoyen, Hipolito Av.","Av. Pueyrredon & Av. Rivadavia",536,1946.81251838079,"Martes"
147298,"Cevallos, Virrey& Yrigoyen, Hipolito Av.","Av. Pueyrredon & Av. Rivadavia",636,2043.33125898459,"Lunes"
147298,"Av. Pueyrredon & Av. Rivadavia","Av. Rivadavia & Del Barco Centenera",1354,4069.04320558986,"Lunes"
29130,"Avenida Rivadavia y Fray Cayetano","Av. Rivadavia & Del Barco Centenera",530,1766.13102351419,"Sábado"
29130,"Avenida Juan de Garay 1050","Av. Rivadavia & Del Barco Centenera",3549,10692.8937277048,"Miércoles"
575720,"Juana De Ibarbourou & Av Patricias Argentinas","Av. Rivadavia & Del Barco Centenera",2174,8525.63863659614,"Martes"
121665,"Guatemala 4773","Av. Rivadavia & Del Barco Centenera",1587,5060.05727800463,"Domingo"
179732,"Vuelta de Obligado 2004","Av. Rivadavia & Del Barco Centenera",3022,11701.9192187174,"Viernes"
417400,"Guayaquil & Doblas","Ayacucho &Peron, Juan Domingo, Tte. General",1740,6791.6830140554,"Martes"
121772,"Beruti & Ecuador","Peru  1016",1628,5883.20270341743,"Domingo"
169858,"CARLOS PELEGRINI 215","Peru  1016",1567,6400.84369370339,"Domingo"
169858,"Libertad & lavalle","Peru  1016",1511,5954.46569463335,"Domingo"
197729,"2185 Ravignani, Emilio, Dr. & Guatemala","Zapiola & Dorrego",2458,10172.0481200551,"Sábado"
197729,"Olleros Av. & Del Libertador Av.","Zapiola & Dorrego",1160,3823.90606486135,"Sábado"
557738,"Lavalle & Acuña De Figueroa, Francisco","Zapiola & Dorrego",946,3541.95931461355,"Viernes"
396395,"Zapiola & Dorrego","Zapiola & Dorrego",1588,6192.18232212847,"Viernes"
396395,"Zapiola & Dorrego","Zapiola & Dorrego",1792,5329.49538959397,"Viernes"
396395,"Zapiola & Dorrego","Zapiola & Dorrego",3316,10368.8117994953,"Viernes"
197729,"Zapiola & Dorrego","Zapiola & Dorrego",5737,21628.2050229438,"Domingo"
197729,"2001 Donado","Zapiola & Dorrego",2033,7125.74251138722,"Viernes"
472562,"Fitz Roy & Gorriti","Fitz Roy & Gorriti",398,1279.93661263544,"Martes"
489084,"Santa Fe Av. & Bullrich, Int. Av.","Fitz Roy & Gorriti",507,1488.61493767278,"Viernes"
121665,"Santa Fe Av. & Bullrich, Int. Av.","Fitz Roy & Gorriti",605,2487.5732201407,"Miércoles"
464629,"Av. Patricias Argentinas & Estivao","Fitz Roy & Gorriti",1247,4600.0777245745,"Jueves"
366300,"1413 Araoz & Gorriti CABA","Fitz Roy & Gorriti",1246,4919.15606161605,"Miércoles"
114097,"1413 Araoz & Gorriti CABA","Fitz Roy & Gorriti",1237,4007.05261530206,"Domingo"
464629,"137 Aranguren, Juan F., Dr. & Portugal","Fitz Roy & Gorriti",1256,4636.68316615383,"Jueves"
464629,"137 Aranguren, Juan F., Dr. & Portugal","Fitz Roy & Gorriti",1338,3792.79499023493,"Miércoles"
464629,"137 Aranguren, Juan F., Dr. & Portugal","Fitz Roy & Gorriti",1404,4473.65778844105,"Martes"
464629,"137 Aranguren, Juan F., Dr. & Portugal","Fitz Roy & Gorriti",1331,4928.90029871519,"Martes"
464629,"137 Aranguren, Juan F., Dr. & Portugal","Fitz Roy & Gorriti",1427,5092.01879577595,"Lunes"
464629,"137 Aranguren, Juan F., Dr. & Portugal","Fitz Roy & Gorriti",1581,4452.82121131313,"Jueves"
464629,"137 Aranguren, Juan F., Dr. & Portugal","Fitz Roy & Gorriti",1408,4823.49347989592,"Miércoles"
464629,"137 Aranguren, Juan F., Dr. & Portugal","Fitz Roy & Gorriti",1540,6119.32528663763,"Lunes"
464629,"137 Aranguren, Juan F., Dr. & Portugal","Fitz Roy & Gorriti",1433,4577.18756237106,"Viernes"
464629,"137 Aranguren, Juan F., Dr. & Portugal","Fitz Roy & Gorriti",1537,5825.46130260453,"Martes"
464629,"137 Aranguren, Juan F., Dr. & Portugal","Fitz Roy & Gorriti",1524,4655.86273911176,"Lunes"
464629,"137 Aranguren, Juan F., Dr. & Portugal","Fitz Roy & Gorriti",1558,5957.25464726501,"Jueves"
66945,"J.Ramirez de Velasco 285","Fitz Roy & Gorriti",850,3519.04728774874,"Jueves"
454661,"Fitz Roy  1092 & Loyola","Fitz Roy & Gorriti",3710,14449.079740702,"Martes"
459612,"Beruti & Ecuador","Tucuman & 9 De Julio Av.",2898,10577.8890547168,"Domingo"
121772,"1226 Ecuador & Mansilla, Lucio Norberto, General","Tucuman & 9 De Julio Av.",1135,3565.91598631995,"Viernes"
121772,"1226 Ecuador & Mansilla, Lucio Norberto, General","Tucuman & 9 De Julio Av.",1474,5103.7693671811,"Jueves"
121772,"Dr Tomas Manuel De  Anchorena &  Jose A. Cabrera","Tucuman & 9 De Julio Av.",1240,3913.25757977191,"Miércoles"
472562,"Guemes 3330 & Coronel Diaz","Peña & Azcuenaga",649,2216.38209516726,"Lunes"
459612,"Cevallos, Virrey& Yrigoyen, Hipolito Av.","Peña & Azcuenaga",1061,3002.95462499101,"Sábado"
459612,"Cevallos, Virrey& Yrigoyen, Hipolito Av.","Peña & Azcuenaga",792,2989.36599520966,"Domingo"
459612,"Cevallos, Virrey& Yrigoyen, Hipolito Av.","Peña & Azcuenaga",673,2235.37391944426,"Sábado"
459612,"Cevallos, Virrey& Yrigoyen, Hipolito Av.","Peña & Azcuenaga",707,2015.43249244666,"Martes"
459612,"Cevallos, Virrey& Yrigoyen, Hipolito Av.","Peña & Azcuenaga",751,2982.17584024662,"Lunes"
459612,"Cevallos, Virrey& Yrigoyen, Hipolito Av.","Peña & Azcuenaga",776,2966.20264872391,"Domingo"
459612,"Cevallos, Virrey& Yrigoyen, Hipolito Av.","Peña & Azcuenaga",782,2704.90714274347,"Sábado"
459612,"Cevallos, Virrey& Yrigoyen, Hipolito Av.","Peña & Azcuenaga",886,3279.29816773071,"Lunes"
459612,"Cevallos, Virrey& Yrigoyen, Hipolito Av.","Peña & Azcuenaga",805,3040.13554147807,"Domingo"
459612,"Cevallos, Virrey& Yrigoyen, Hipolito Av.","Peña & Azcuenaga",1116,3985.8360919985,"Miércoles"
459612,"Cevallos, Virrey& Yrigoyen, Hipolito Av.","Peña & Azcuenaga",968,3045.10922497656,"Lunes"
459612,"Cevallos, Virrey& Yrigoyen, Hipolito Av.","Peña & Azcuenaga",910,3283.28336298323,"Domingo"
459612,"Cevallos, Virrey& Yrigoyen, Hipolito Av.","Peña & Azcuenaga",1655,5132.33637216682,"Viernes"
2682,"Cevallos, Virrey& Yrigoyen, Hipolito Av.","Peña & Azcuenaga",950,3682.78162374433,"Viernes"
552401,"Riobamba 1264 & Juncal","Peña & Azcuenaga",284,1032.74572294257,"Domingo"
301804,"Calcena & Avellaneda Av.","Juana De Ibarbourou & Av Patricias Argentinas",1038,2948.11765925454,"Miércoles"
66945,"Acevedo 220 y padilla","Juana De Ibarbourou & Av Patricias Argentinas",1545,6084.84142718953,"Lunes"
382625,"Av. Patricias Argentinas & Estivao","Juana De Ibarbourou & Av Patricias Argentinas",1346,4808.31669077614,"Jueves"
382625,"Av. Patricias Argentinas & Estivao","Juana De Ibarbourou & Av Patricias Argentinas",1729,5008.25238564058,"Lunes"
51863,"Cordoba 6599","Juana De Ibarbourou & Av Patricias Argentinas",1954,6215.03072484629,"Miércoles"
464629,"137 Aranguren, Juan F., Dr. & Portugal","Juana De Ibarbourou & Av Patricias Argentinas",715,2750.69147761193,"Domingo"
83668,"Armenia 1525 y Gorriti","Juana De Ibarbourou & Av Patricias Argentinas",2363,6953.20782892943,"Sábado"
254587,"Triunvirato Av. & Tronador","Juana De Ibarbourou & Av Patricias Argentinas",1444,5710.71648868318,"Jueves"
2682,"Juana De Ibarbourou & Av Patricias Argentinas","Juana De Ibarbourou & Av Patricias Argentinas",1222,4803.18646257575,"Lunes"
66945,"Juana De Ibarbourou & Av Patricias Argentinas","Juana De Ibarbourou & Av Patricias Argentinas",1701,6674.91007013305,"Domingo"
382625,"Juana De Ibarbourou & Av Patricias Argentinas","Juana De Ibarbourou & Av Patricias Argentinas",1533,5801.76701647094,"Viernes"
79899,"Juana De Ibarbourou & Av Patricias Argentinas","Juana De Ibarbourou & Av Patricias Argentinas",1517,4623.47723552957,"Lunes"
301804,"Guayaquil & Doblas","Juana De Ibarbourou & Av Patricias Argentinas",1349,4979.35910124215,"Jueves"
358123,"1590 Lavalle","3568 Estados Unidos & Boedo Av.",1195,3618.68755407502,"Martes"
358123,"1590 Lavalle","3568 Estados Unidos & Boedo Av.",1148,3403.16554981853,"Miércoles"
356623,"608 Doblas & Valle","3568 Estados Unidos & Boedo Av.",412,1658.49425316297,"Lunes"
356623,"1019 Riglos","3568 Estados Unidos & Boedo Av.",1202,4093.89772387868,"Viernes"
358123,"3817 Traful","3568 Estados Unidos & Boedo Av.",817,2439.66322617877,"Sábado"
358123,"3817 Traful","3568 Estados Unidos & Boedo Av.",1847,7446.63185629534,"Viernes"
356623,"Vera Peñaloza, Rosario 599 & Lanteri Julieta","3568 Estados Unidos & Boedo Av.",2618,10081.1961388552,"Sábado"
358123,"Libertad & lavalle","3568 Estados Unidos & Boedo Av.",1640,5736.32303572312,"Lunes"
358123,"Libertad & lavalle","3568 Estados Unidos & Boedo Av.",1590,4991.95262187277,"Lunes"
358123,"561 Uruguay & Av. Tucuman","3568 Estados Unidos & Boedo Av.",1384,5229.52409792536,"Viernes"
358123,"561 Uruguay & Av. Tucuman","3568 Estados Unidos & Boedo Av.",1658,6078.50450318074,"Miércoles"
584660,"1226 Ecuador & Mansilla, Lucio Norberto, General","Pellegrini Y Rivadavia Av.",1893,7258.00527888156,"Viernes"
574745,"Av. Pueyrredon & Av. Rivadavia","Libertad & lavalle",1256,4677.55483714346,"Viernes"
12316,"3912 Humahuaca","Libertad & lavalle",2095,7865.30705245645,"Lunes"
34942,"Libertad & lavalle","Libertad & lavalle",1456,4649.87945973149,"Domingo"
517670,"Villaflor, Azucena & Paine, Aime","Libertad & lavalle",936,3285.19293845166,"Lunes"
517670,"169 Peru & Roca, Julio A., Presidente Diagonal Sur Av.","Libertad & lavalle",1073,4443.54819358107,"Viernes"
563606,"Juncal & Salguero, Jeronimo","Parana & Juncal",1203,3624.81276633625,"Jueves"
557738,"Zapiola & Dorrego","Parana & Juncal",2554,10456.6280006483,"Lunes"
79111,"1350 Posadas","Parana & Juncal",261,748.836830252549,"Jueves"
323426,"Idependencia y Bernardo de Irigoyen","Parana & Juncal",1359,4263.21470038092,"Viernes"
2682,"Av. Patricias Argentinas & Estivao","2080 Austria",1382,4359.31264256877,"Jueves"
489084,"Godoy Cruz  3279 y Libertador","2080 Austria",1285,3875.45110343652,"Domingo"
2682,"Peña & Azcuenaga","2080 Austria",403,1635.77197507483,"Lunes"
2682,"3508 Carcova","2080 Austria",548,1751.00815451264,"Martes"
2682,"Lavalle & Acuña De Figueroa, Francisco","2080 Austria",800,2346.74456503449,"Viernes"
489084,"Fitz Roy  1092 & Loyola","2080 Austria",2082,8170.23839389828,"Viernes"
489084,"Fitz Roy  1092 & Loyola","2080 Austria",1519,4632.58537827124,"Jueves"
489084,"Fitz Roy  1092 & Loyola","2080 Austria",1507,6202.56305653764,"Domingo"
489084,"Fitz Roy  1092 & Loyola","2080 Austria",2589,10760.3130584631,"Domingo"
489084,"Fitz Roy  1092 & Loyola","2080 Austria",2184,6878.68886071568,"Sábado"
489084,"Fitz Roy  1092 & Loyola","2080 Austria",2516,9113.84439824615,"Viernes"
489084,"Fitz Roy  1092 & Loyola","2080 Austria",1503,4472.76614170405,"Jueves"
6882,"Santa Fe Av. & Dorrego","Marcelo T. de Alvear & Rodriguez Peña",1784,5985.53659737679,"Miércoles"
358123,"561 Uruguay & Av. Tucuman","Marcelo T. de Alvear & Rodriguez Peña",375,1051.54575382282,"Lunes"
412767,"527 25 De Mayo","Marcelo T. de Alvear & Rodriguez Peña",942,2662.0046521634,"Martes"
258093,"1321 Villarroel & Humboldt CABA","519 Pasteur",1567,4569.18137865464,"Jueves"
204507,"Av. Rivadavia & Del Barco Centenera","519 Pasteur",1994,5618.31780774778,"Lunes"
453420,"Santa Fe Av. & Bullrich, Int. Av.","Armenia 2315 & Charcas",1750,7078.45815971571,"Miércoles"
107249,"Lavalle & Acuña De Figueroa, Francisco","Armenia 2315 & Charcas",637,2131.92710937033,"Jueves"
107249,"Lavalle & Acuña De Figueroa, Francisco","Armenia 2315 & Charcas",624,1785.50216557148,"Miércoles"
557738,"Villaflor, Azucena & Paine, Aime","Armenia 2315 & Charcas",5537,22514.7840784889,"Lunes"
408948,"1785 Espinosa","684 Boulogne Sur Mer & Tucuman",1491,5487.14472226663,"Martes"
408948,"1785 Espinosa","684 Boulogne Sur Mer & Tucuman",1590,5764.41488226798,"Martes"
408948,"1785 Espinosa","684 Boulogne Sur Mer & Tucuman",2103,7322.03610647509,"Jueves"
152534,"441 Bulnes & Peron, Juan Domingo, Tte. General","684 Boulogne Sur Mer & Tucuman",2721,8212.17592115863,"Viernes"
67862,"Godoy Cruz  3279 y Libertador","Costa Rica & Armenia",989,4109.73614017809,"Jueves"
9614,"Av. Del Libertador, 3260","Costa Rica & Armenia",677,2769.46845591851,"Sábado"
467030,"2519 Superi","Costa Rica & Armenia",1776,5461.61630049658,"Sábado"
52659,"Av. Pueyrredon & Av. Rivadavia","708 Pasco & Chile",780,2996.64951406885,"Lunes"
36570,"80 Larrea","708 Pasco & Chile",404,1394.88212894648,"Sábado"
52659,"2875 Moreno","708 Pasco & Chile",704,2693.01658200307,"Viernes"
52659,"Bartolome Mitre & Av. Puyrredon","708 Pasco & Chile",793,2759.83865107507,"Martes"
9614,"1413 Araoz & Gorriti CABA","Av. Del Libertador, 3260",865,3467.39482100626,"Sábado"
46255,"3508 Carcova","Av. Del Libertador, 3260",2411,6852.23285393667,"Lunes"
121772,"Beruti & Ecuador","925 Yatay& Humahuaca",1057,3388.08561259615,"Viernes"
121772,"1520 Billinghurst & Mansilla, Lucio Norberto, General","925 Yatay& Humahuaca",823,2748.33108668649,"Viernes"
2682,"2000 Vicente Lopez","925 Yatay& Humahuaca",1162,4170.80528207977,"Jueves"
148161,"238 Pichincha","925 Yatay& Humahuaca",2067,6750.86256368668,"Lunes"
208316,"Machaca Guemes 350","Machaca Guemes 350",1874,7145.75873832154,"Sábado"
86628,"Fitz Roy & Gorriti","o´higins 1327",1281,4586.25063623088,"Lunes"
267008,"Juncal & Salguero, Jeronimo","o´higins 1327",2242,6394.61254955839,"Miércoles"
131788,"2700 Pedraza, Manuela","o´higins 1327",1800,6029.86631973181,"Miércoles"
412767,"3082 Cabello","o´higins 1327",1614,5805.41700363974,"Lunes"
383125,"Vuelta de Obligado 2004","o´higins 1327",449,1419.42345647064,"Miércoles"
29130,"1226 Ecuador & Mansilla, Lucio Norberto, General","4300 Yrigoyen, Hipolito Av.",1134,4485.17742922995,"Martes"
66945,"803 José Marmol","4300 Yrigoyen, Hipolito Av.",528,1856.70946747996,"Lunes"
29130,"Avenida Rivadavia y Fray Cayetano","4300 Yrigoyen, Hipolito Av.",8525,32349.4235185677,"Domingo"
301804,"Bartolome Mitre & Av. Puyrredon","4300 Yrigoyen, Hipolito Av.",748,3047.52840806032,"Viernes"
66945,"1540 Garcia, Juan Agustin","4300 Yrigoyen, Hipolito Av.",1079,3562.92473346823,"Miércoles"
169858,"Cevallos, Virrey& Yrigoyen, Hipolito Av.","CARLOS PELEGRINI 215",5628,17319.9392482832,"Domingo"
169858,"Idependencia y Bernardo de Irigoyen","CARLOS PELEGRINI 215",1166,4328.35741120895,"Domingo"
353770,"Olleros Av. & Del Libertador Av.","2001 Donado",1899,5612.51835546573,"Lunes"
204507,"1413 Araoz & Gorriti CABA","2001 Donado",1998,7733.08873465285,"Lunes"
366300,"Delgado & Loreto, Virrey","2001 Donado",2188,8391.20275139188,"Sábado"
254587,"Juana De Ibarbourou & Av Patricias Argentinas","2001 Donado",1657,4841.72046161418,"Domingo"
227451,"1981 Vidal","2001 Donado",998,3995.53290930991,"Miércoles"
358123,"1590 Lavalle","3024 Calvo, Carlos",1052,4146.21244506497,"Miércoles"
52659,"México & Lima","3024 Calvo, Carlos",1164,3877.10081414552,"Miércoles"
358123,"561 Uruguay & Av. Tucuman","3024 Calvo, Carlos",1612,5012.46184836038,"Jueves"
358123,"561 Uruguay & Av. Tucuman","3024 Calvo, Carlos",1532,5421.89312565994,"Jueves"
358123,"561 Uruguay & Av. Tucuman","3024 Calvo, Carlos",1082,3755.74187787069,"Viernes"
250567,"Av. Gaona 2200","J.Ramirez de Velasco 285",1339,4106.09241107013,"Viernes"
2682,"2080 Austria","J.Ramirez de Velasco 285",1068,3766.32903039766,"Viernes"
2682,"2080 Austria","J.Ramirez de Velasco 285",875,2484.68286954449,"Miércoles"
66945,"925 Yatay& Humahuaca","J.Ramirez de Velasco 285",943,3003.69933925103,"Jueves"
301804,"608 Doblas & Valle","J.Ramirez de Velasco 285",2963,9577.32345729439,"Jueves"
250567,"2502 Galicia","J.Ramirez de Velasco 285",1430,4115.93964740556,"Sábado"
152534,"Guemes 3330 & Coronel Diaz","3997 TTE. GENERAL JUAN DOMINGO PERON",1155,3946.90268822402,"Domingo"
152534,"Guemes 3330 & Coronel Diaz","3997 TTE. GENERAL JUAN DOMINGO PERON",1484,5592.24064502244,"Jueves"
174816,"1471 Cucha Cucha","3997 TTE. GENERAL JUAN DOMINGO PERON",936,3535.83679045551,"Sábado"
152534,"1471 Cucha Cucha","3997 TTE. GENERAL JUAN DOMINGO PERON",2446,8558.96076531434,"Viernes"
152534,"141 Jose Maria Moreno","3997 TTE. GENERAL JUAN DOMINGO PERON",1405,5268.44643917866,"Viernes"
356623,"Av. Pres. Figueroa Alcorta 2120","3997 TTE. GENERAL JUAN DOMINGO PERON",2080,8353.05946563474,"Sábado"
152534,"3051 San Martin De Tours","3997 TTE. GENERAL JUAN DOMINGO PERON",1764,5435.46275027329,"Viernes"
241152,"169 Peru & Roca, Julio A., Presidente Diagonal Sur Av.","3997 TTE. GENERAL JUAN DOMINGO PERON",2160,6346.81704430841,"Jueves"
152534,"3912 Humahuaca","3051 San Martin De Tours",1362,4233.04732442678,"Viernes"
366300,"2939 Cavia","Figueroa Alcorta & Sarmiento",3399,13540.9231992652,"Sábado"
39009,"2300 Diaz, Cnel. Av. & French","Figueroa Alcorta & Sarmiento",3651,12667.0732030684,"Jueves"
385939,"3051 San Martin De Tours","Figueroa Alcorta & Sarmiento",4601,13703.485036383,"Domingo"
459612,"Cevallos, Virrey& Yrigoyen, Hipolito Av.","1590 Lavalle",374,1120.20575999567,"Sábado"
417400,"608 Doblas & Valle","1590 Lavalle",2116,7999.6909821212,"Jueves"
358123,"3568 Estados Unidos & Boedo Av.","1590 Lavalle",1211,4372.58547666036,"Lunes"
358123,"3568 Estados Unidos & Boedo Av.","1590 Lavalle",1246,3794.10052902531,"Viernes"
263717,"Guatemala 4773","1590 Lavalle",1997,8136.77862769724,"Domingo"
562734,"2516 Pereyra Lucena","2516 Pereyra Lucena",488,1843.36760845811,"Sábado"
70706,"3508 Carcova","2516 Pereyra Lucena",599,2468.26817315305,"Jueves"
552401,"2939 Cavia","2516 Pereyra Lucena",612,1737.65482441522,"Viernes"
584660,"Dr Tomas Manuel De  Anchorena &  Jose A. Cabrera","2516 Pereyra Lucena",950,3463.91309786769,"Martes"
34942,"238 Pichincha","Uriburu Jose E., Pres. & Paraguay",919,3559.70494463367,"Jueves"
174816,"925 Yatay& Humahuaca","Uriburu Jose E., Pres. & Paraguay",1592,5128.34768420241,"Domingo"
52659,"708 Pasco & Chile","Uriburu Jose E., Pres. & Paraguay",629,2240.87399694642,"Viernes"
52659,"708 Pasco & Chile","Uriburu Jose E., Pres. & Paraguay",694,1983.82254886156,"Martes"
437061,"1483 Quinteros, Lidoro J. Av.","Uriburu Jose E., Pres. & Paraguay",3800,14524.5749280891,"Jueves"
360708,"Av. Gaona 2200","Av. Gaona 2200",3062,9372.11544354731,"Martes"
167923,"Av. Gaona 2200","Av. Gaona 2200",1438,4522.37225150521,"Martes"
576909,"1701 Fernandez Moreno, Baldomero","Av. Gaona 2200",2189,7591.87141470158,"Jueves"
418431,"1540 Garcia, Juan Agustin","Av. Gaona 2200",1063,4124.42144029062,"Miércoles"
228266,"Virasoro, Valentin & Figueroa, D Apolinario, Coronel","Av. Gaona 2200",1883,5987.56482143654,"Viernes"
539165,"Miller & Monroe","Yerbal 1290",4294,15266.266300482,"Jueves"
301804,"Guayaquil & Doblas","Yerbal 1290",463,1521.88473433133,"Domingo"
472562,"2516 Pereyra Lucena","Guemes 3330 & Coronel Diaz",582,2029.83289548817,"Sábado"
344275,"3050 Ugarteche","Guemes 3330 & Coronel Diaz",1476,5649.43741606548,"Miércoles"
152534,"394 Rawson & Potosi","Guemes 3330 & Coronel Diaz",1207,3447.60213718336,"Jueves"
152534,"3912 Humahuaca","Guemes 3330 & Coronel Diaz",1259,4921.71284477259,"Sábado"
5018,"1399 Moldes","Guemes 3330 & Coronel Diaz",2077,7908.42247741012,"Lunes"
162977,"Arcos & Roosevelt Franklin D.","Guemes 3330 & Coronel Diaz",2036,5830.61860233235,"Jueves"
472562,"Costa Rica & Armenia","Guemes 3330 & Coronel Diaz",579,1847.90189700337,"Sábado"
547775,"3024 Calvo, Carlos","Saavedra & Mexico",670,1936.53800357909,"Jueves"
393924,"Cordoba 6599","Tronador y Garcia del Rio",1363,4507.4381947886,"Sábado"
233317,"Tronador y Garcia del Rio","Tronador y Garcia del Rio",1385,5390.7919989708,"Martes"
286619,"Miller & Monroe","Tronador y Garcia del Rio",1050,3924.77703872525,"Viernes"
383957,"Av Guzman 129 & Leiva","Tronador y Garcia del Rio",2060,5932.47071458932,"Sábado"
393924,"Delgado & Loreto, Virrey","Tronador y Garcia del Rio",939,3351.60672667456,"Sábado"
52659,"708 Pasco & Chile","238 Pichincha",691,2430.11689070263,"Jueves"
427193,"Arcos & Roosevelt Franklin D.","1798 Matienzo, Benjamin, Teniente",1244,3905.8414195703,"Jueves"
270342,"Olleros Av. & Del Libertador Av.","2000 Vicente Lopez",2757,11008.0043125383,"Domingo"
472562,"3508 Carcova","2000 Vicente Lopez",1606,5633.85022042203,"Sábado"
29130,"Avenida Rivadavia y Fray Cayetano","2000 Vicente Lopez",3534,14267.6034040051,"Jueves"
459612,"3050 Ugarteche","2000 Vicente Lopez",996,3718.25868775292,"Lunes"
267008,"3082 Cabello","2000 Vicente Lopez",797,2922.83014939102,"Miércoles"
174816,"1785 Espinosa","1078 Gurruchaga",741,2097.89721278939,"Viernes"
167923,"Figueroa Alcorta, Pres. Av. & Dorrego Av.","1078 Gurruchaga",4254,12641.775955609,"Viernes"
427193,"1798 Matienzo, Benjamin, Teniente","Sucre, Antonio Jose De, Mcal. Y Vertiz Virrey Av.",624,2290.68949328115,"Jueves"
585710,"Olleros Av. & Del Libertador Av.","Sucre, Antonio Jose De, Mcal. Y Vertiz Virrey Av.",524,2049.55576706626,"Jueves"
152030,"Delgado & Loreto, Virrey","Sucre, Antonio Jose De, Mcal. Y Vertiz Virrey Av.",1365,4480.31895771661,"Martes"
474064,"1483 Quinteros, Lidoro J. Av.","Sucre, Antonio Jose De, Mcal. Y Vertiz Virrey Av.",500,1539.78840680793,"Martes"
314913,"Arcos & Roosevelt Franklin D.","Sucre, Antonio Jose De, Mcal. Y Vertiz Virrey Av.",1670,5711.54040891108,"Martes"
286271,"Sucre, Antonio Jose De, Mcal. Y Vertiz Virrey Av.","Sucre, Antonio Jose De, Mcal. Y Vertiz Virrey Av.",742,2884.70203507523,"Lunes"
197729,"Costa Rica & Armenia","Sucre, Antonio Jose De, Mcal. Y Vertiz Virrey Av.",1634,4786.51947505552,"Martes"
219877,"1785 Espinosa","2502 Galicia",802,2479.54271529387,"Martes"
174816,"Bruno Giordano&Neuquen","2502 Galicia",1275,5100.90096666924,"Miércoles"
219877,"1355 San Martin Av.","2502 Galicia",1034,3056.46648580959,"Lunes"
174816,"1355 San Martin Av.","2502 Galicia",726,2923.0021071271,"Sábado"
358123,"519 Pasteur","561 Uruguay & Av. Tucuman",363,1078.36726866954,"Miércoles"
246515,"Uriburu Jose E., Pres. & Paraguay","561 Uruguay & Av. Tucuman",486,1900.69046599092,"Martes"
358123,"3568 Estados Unidos & Boedo Av.","561 Uruguay & Av. Tucuman",1859,6962.11475238055,"Miércoles"
358123,"3568 Estados Unidos & Boedo Av.","561 Uruguay & Av. Tucuman",1983,7111.08259354369,"Martes"
358123,"3568 Estados Unidos & Boedo Av.","561 Uruguay & Av. Tucuman",1727,5087.22757420005,"Lunes"
358123,"3568 Estados Unidos & Boedo Av.","561 Uruguay & Av. Tucuman",1382,3882.97617312702,"Jueves"
526048,"3912 Humahuaca","561 Uruguay & Av. Tucuman",1497,4241.9770415135,"Viernes"
358123,"561 Uruguay & Av. Tucuman","561 Uruguay & Av. Tucuman",826,2812.14042123498,"Jueves"
5018,"Della Paolera 297, Carlos M. & Av. Leandro N. Alem","561 Uruguay & Av. Tucuman",1158,3569.3487768954,"Lunes"
358123,"Esmeralda y Av.Rivadvia","561 Uruguay & Av. Tucuman",1038,3122.56063171662,"Miércoles"
121772,"Beruti & Ecuador","Suipacha & Viamonte, 709",1044,4157.10935052484,"Miércoles"
121772,"Beruti & Ecuador","Suipacha & Viamonte, 709",1470,6108.38494464406,"Martes"
417813,"1321 Villarroel & Humboldt CABA","Acevedo 220 y padilla",3476,12906.2869065364,"Domingo"
66945,"137 Aranguren, Juan F., Dr. & Portugal","Acevedo 220 y padilla",465,1294.33329265642,"Lunes"
107249,"Fitz Roy & Gorriti","3822 Guemes",930,3354.42915807168,"Domingo"
187914,"1413 Araoz & Gorriti CABA","3822 Guemes",357,1301.23853665718,"Miércoles"
118261,"Av. Pueyrredon & Av. Rivadavia","3822 Guemes",1401,4646.91968556144,"Miércoles"
118261,"Av. Pueyrredon & Av. Rivadavia","3822 Guemes",1231,4964.81696302104,"Martes"
118261,"Av. Pueyrredon & Av. Rivadavia","3822 Guemes",1341,3961.05000541138,"Lunes"
118261,"Av. Pueyrredon & Av. Rivadavia","3822 Guemes",1443,4792.88972054298,"Viernes"
118261,"Av. Pueyrredon & Av. Rivadavia","3822 Guemes",1144,3924.85244841211,"Domingo"
118261,"Av. Pueyrredon & Av. Rivadavia","3822 Guemes",1331,4367.92409960083,"Viernes"
459612,"2000 Vicente Lopez","3822 Guemes",1701,6896.10523552692,"Martes"
174816,"Juana De Ibarbourou & Av Patricias Argentinas","3822 Guemes",914,2986.58253630339,"Domingo"
174816,"1471 Cucha Cucha","3822 Guemes",1304,3881.77005279188,"Miércoles"
174816,"1471 Cucha Cucha","3822 Guemes",1311,5237.30788735944,"Viernes"
174816,"Virasoro, Valentin & Figueroa, D Apolinario, Coronel","3822 Guemes",1211,4807.91613402673,"Viernes"
575720,"Santa Fe Av. & Bullrich, Int. Av.","Santa Fe Av. & Bullrich, Int. Av.",12301,44556.0692277543,"Domingo"
23784,"Santa Fe Av. & Bullrich, Int. Av.","Santa Fe Av. & Bullrich, Int. Av.",3879,15213.3849021309,"Martes"
459612,"2000 Vicente Lopez","Santa Fe Av. & Bullrich, Int. Av.",1450,4829.45693888016,"Miércoles"
488053,"1785 Espinosa","Santa Fe Av. & Bullrich, Int. Av.",1329,5446.31884746777,"Viernes"
488053,"1785 Espinosa","Santa Fe Av. & Bullrich, Int. Av.",1483,5942.73275928119,"Domingo"
488053,"Maure 1819","Santa Fe Av. & Bullrich, Int. Av.",509,1593.90125865272,"Domingo"
488053,"Maure 1819","Santa Fe Av. & Bullrich, Int. Av.",614,1825.44460421842,"Viernes"
563606,"2300 Diaz, Cnel. Av. & French","Santa Fe Av. & Bullrich, Int. Av.",1932,7534.83766805924,"Miércoles"
291847,"Guatemala 4773","Santa Fe Av. & Bullrich, Int. Av.",1264,3672.12378606718,"Domingo"
361807,"F.J.Santamaria de Oro & Guatemala","Santa Fe Av. & Bullrich, Int. Av.",1607,5364.44473248169,"Miércoles"
526048,"441 Bulnes & Peron, Juan Domingo, Tte. General","Urquiza, Gral. & Rondeau",1406,3977.66326791413,"Miércoles"
344275,"1798 Matienzo, Benjamin, Teniente","F.J.Santamaria de Oro & Guatemala",3182,10652.5289641512,"Sábado"
29130,"Saenz Peña 938, Roque, Pres. Diagonal Norte Av. & Suipacha","F.J.Santamaria de Oro & Guatemala",2020,7253.27582314559,"Viernes"
464629,"137 Aranguren, Juan F., Dr. & Portugal","F.J.Santamaria de Oro & Guatemala",1834,5521.21330005789,"Martes"
489084,"Sucre, Antonio Jose De, Mcal. Y Vertiz Virrey Av.","F.J.Santamaria de Oro & Guatemala",1182,3674.84126816465,"Lunes"
6882,"Fitz Roy & Gorriti","Santa Fe Av. & Dorrego",699,2549.59046343865,"Miércoles"
29284,"2516 Pereyra Lucena","Santa Fe Av. & Dorrego",2494,9007.17543186038,"Viernes"
221045,"2519 Conesa","Santa Fe Av. & Dorrego",1846,7518.69868891404,"Jueves"
344275,"Santa Fe Av. & Bullrich, Int. Av.","Av. Sarmiento 2601",586,2073.38842138933,"Miércoles"
344275,"Armenia 2315 & Charcas","Av. Sarmiento 2601",1891,6089.23395231508,"Sábado"
187093,"2939 Cavia","Av. Sarmiento 2601",2048,8267.47897863388,"Domingo"
39009,"Av. Del Libertador, 3260","Av. Sarmiento 2601",1199,3661.70365516155,"Miércoles"
204470,"Lavalle & Acuña De Figueroa, Francisco","Av. Sarmiento 2601",2259,7650.56201205007,"Jueves"
107674,"Av. Pres. Figueroa Alcorta 2120","Av. Sarmiento 2601",1105,3442.4290513319,"Viernes"
2682,"Riobamba 1264 & Juncal","Estados Unidos & Lima",1299,4438.62284147957,"Domingo"
393924,"Tronador y Garcia del Rio","Delgado & Loreto, Virrey",1621,5103.81561362689,"Sábado"
393924,"GARCIA DEL RIO & PINTO","Delgado & Loreto, Virrey",1119,3428.03132877355,"Sábado"
393924,"Delgado & Loreto, Virrey","Delgado & Loreto, Virrey",5494,18231.9953348779,"Domingo"
197729,"Delgado & Loreto, Virrey","Delgado & Loreto, Virrey",2466,9778.91061739647,"Jueves"
366300,"Lavalle & Acuña De Figueroa, Francisco","Delgado & Loreto, Virrey",1674,5316.90118427505,"Viernes"
197729,"1399 Moldes","Delgado & Loreto, Virrey",417,1252.96680991014,"Jueves"
427193,"Vuelta de Obligado 2004","Delgado & Loreto, Virrey",1489,5549.45431255619,"Domingo"
366300,"2001 Donado","Delgado & Loreto, Virrey",2133,6631.17094059417,"Sábado"
83668,"Costa Rica & Armenia","Delgado & Loreto, Virrey",3155,10183.2623786387,"Jueves"
39009,"Delgado & Loreto, Virrey","Olleros Av. & Del Libertador Av.",914,3770.94806553861,"Jueves"
29284,"Av. Del Libertador, 3260","Olleros Av. & Del Libertador Av.",950,3252.33769648346,"Domingo"
29130,"3302 Guardia Vieja & Aguero","Olleros Av. & Del Libertador Av.",1768,7299.67480475704,"Sábado"
378469,"Figueroa Alcorta & Sarmiento","Olleros Av. & Del Libertador Av.",1413,5831.56452747935,"Sábado"
388536,"2786 Montañeses","Olleros Av. & Del Libertador Av.",642,2019.84447136832,"Domingo"
409650,"Reconquista & Corrientes Av.","Ramos Mejia, Av Dr Jose Maria Vargas& Av. Del Libertador",396,1464.07736979891,"Lunes"
121772,"Calle Perú, 718","Arenales y Aguero",1707,5621.66021409697,"Domingo"
557738,"1520 Billinghurst & Mansilla, Lucio Norberto, General","Arenales y Aguero",337,1017.9797305719,"Jueves"
118261,"Av. Pueyrredon & Av. Rivadavia","Arenales y Aguero",1154,4431.2241740984,"Jueves"
29284,"2080 Austria","Arenales y Aguero",272,918.232513193248,"Miércoles"
29284,"2080 Austria","Arenales y Aguero",244,817.633492912218,"Lunes"
121772,"Lavalle & Acuña De Figueroa, Francisco","Arenales y Aguero",947,3180.3701755746,"Lunes"
306856,"Mexico 1652","Mexico 1652",1978,5783.65622466922,"Lunes"
409650,"201 Luna","Mexico 1652",1028,2885.91977628853,"Viernes"
197729,"Olleros Av. & Del Libertador Av.","1350 Posadas",1804,5014.21149574582,"Jueves"
192519,"2516 Pereyra Lucena","3050 Ugarteche",725,2963.04339415251,"Domingo"
563113,"Av. Del Libertador, 3260","3050 Ugarteche",3778,10913.6066973798,"Lunes"
246515,"Figueroa Alcorta & Sarmiento","3050 Ugarteche",525,1853.73898619825,"Sábado"
246515,"527 25 De Mayo","3050 Ugarteche",1711,4950.28331371723,"Viernes"
195913,"1590 Lavalle","ESMERALDA 516",763,2137.49041910956,"Jueves"
169858,"Adolfo Alsina& Bernardo De Irigoyen","ESMERALDA 516",1390,3954.58173860809,"Domingo"
83668,"Santa Fe Av. & Bullrich, Int. Av.","Guatemala 4773",897,3195.86604902579,"Jueves"
584660,"2000 Vicente Lopez","Guatemala 4773",1476,5769.39991974505,"Sábado"
323426,"Peña & Azcuenaga","Guatemala 4773",1167,3919.32987143518,"Sábado"
149420,"Av. Guzman 1100 & Av. Corrientes","Guatemala 4773",1453,4767.17302947234,"Sábado"
563606,"2300 Diaz, Cnel. Av. & French","Guatemala 4773",841,2428.75345516756,"Martes"
323426,"Parana & Juncal","Guatemala 4773",1452,4465.28514713282,"Viernes"
121665,"394 Rawson & Potosi","Guatemala 4773",1383,5667.85671860853,"Lunes"
323426,"Riobamba 1264 & Juncal","Guatemala 4773",1325,3944.43019907663,"Miércoles"
263717,"Reconquista 76 & Cordoba Av.","Guatemala 4773",2292,8525.30763747636,"Miércoles"
418431,"Andres Lamas&Remedios Escalada de San Martin","1540 Garcia, Juan Agustin",1504,5519.60929436609,"Viernes"
418431,"Andres Lamas&Remedios Escalada de San Martin","1540 Garcia, Juan Agustin",1893,5429.13481942572,"Martes"
418431,"Andres Lamas&Remedios Escalada de San Martin","1540 Garcia, Juan Agustin",1643,6693.1325964371,"Lunes"
418431,"Andres Lamas&Remedios Escalada de San Martin","1540 Garcia, Juan Agustin",1487,6001.16702691367,"Viernes"
418431,"Andres Lamas&Remedios Escalada de San Martin","1540 Garcia, Juan Agustin",750,2721.26815810528,"Jueves"
418431,"Calcena & Avellaneda Av.","1540 Garcia, Juan Agustin",836,2511.63199014263,"Jueves"
418431,"1785 Espinosa","1540 Garcia, Juan Agustin",2267,8254.13243211224,"Sábado"
219877,"2502 Galicia","1540 Garcia, Juan Agustin",1702,5999.47020768628,"Martes"
418431,"1540 Garcia, Juan Agustin","1540 Garcia, Juan Agustin",1219,3752.59655495659,"Jueves"
418431,"1540 Garcia, Juan Agustin","1540 Garcia, Juan Agustin",1434,5855.5069802814,"Domingo"
418431,"1540 Garcia, Juan Agustin","1540 Garcia, Juan Agustin",1388,4918.05629222524,"Jueves"
418431,"1540 Garcia, Juan Agustin","1540 Garcia, Juan Agustin",1376,4556.93383974334,"Sábado"
371118,"1540 Garcia, Juan Agustin","1540 Garcia, Juan Agustin",4006,15599.8628916782,"Domingo"
418431,"Andres Lamas&Remedios Escalada de San Martin","Calcena & Avellaneda Av.",757,2890.22669913312,"Martes"
301804,"Guayaquil & Doblas","Calcena & Avellaneda Av.",757,2242.54469864116,"Lunes"
301804,"Guayaquil & Doblas","Calcena & Avellaneda Av.",920,3147.36690651625,"Viernes"
301804,"Guayaquil & Doblas","Calcena & Avellaneda Av.",1060,3301.79931792534,"Miércoles"
301804,"Av. Rivadavia & Del Barco Centenera","Calcena & Avellaneda Av.",471,1624.57858703856,"Miércoles"
34942,"238 Pichincha","Bernardo Irigoyen 320",948,3823.07899284642,"Jueves"
6882,"Santa Fe Av. & Dorrego","Bernardo Irigoyen 320",2517,9130.59181872231,"Miércoles"
6882,"Santa Fe Av. & Dorrego","Bernardo Irigoyen 320",2186,7407.90186509451,"Martes"
517670,"Villaflor, Azucena & Dealessi, Pierina","Bernardo Irigoyen 320",765,2422.56929188443,"Jueves"
517670,"169 Peru & Roca, Julio A., Presidente Diagonal Sur Av.","Bernardo Irigoyen 320",2017,7793.69497002885,"Miércoles"
557738,"Reconquista 76 & Cordoba Av.","Av. España 2200",815,2343.36187054254,"Sábado"
361807,"2185 Ravignani, Emilio, Dr. & Guatemala","Avenida Rivadavia y Fray Cayetano",3358,13002.4246762351,"Sábado"
29130,"Machaca Guemes 350","Avenida Rivadavia y Fray Cayetano",5671,22561.6364263386,"Miércoles"
396789,"Avenida Rivadavia y Fray Cayetano","Avenida Rivadavia y Fray Cayetano",3486,12660.8805255906,"Martes"
123591,"Avenida Rivadavia y Fray Cayetano","Avenida Rivadavia y Fray Cayetano",629,2483.92780580357,"Sábado"
29130,"Avenida Juan de Garay 1050","Avenida Rivadavia y Fray Cayetano",2496,8078.428092661,"Lunes"
29130,"Avenida Juan de Garay 1050","Avenida Rivadavia y Fray Cayetano",3193,9698.49497785488,"Viernes"
29130,"Avenida Juan de Garay 1050","Avenida Rivadavia y Fray Cayetano",2421,9585.52031402069,"Martes"
29130,"Avenida Juan de Garay 1050","Avenida Rivadavia y Fray Cayetano",2730,8341.94356708516,"Viernes"
29130,"Avenida Juan de Garay 1050","Avenida Rivadavia y Fray Cayetano",2718,8034.51150485198,"Jueves"
29130,"Avenida Juan de Garay 1050","Avenida Rivadavia y Fray Cayetano",3129,10079.390357395,"Lunes"
29130,"Quintino Bocayuva y Don Bosco","Avenida Rivadavia y Fray Cayetano",1167,3517.2127168548,"Miércoles"
319718,"Lavalle & Acuña De Figueroa, Francisco","Avenida Rivadavia y Fray Cayetano",1857,7446.31029604934,"Domingo"
111095,"Sarandi 1010","Sarandi 1010",1186,3901.22690659935,"Viernes"
111095,"Sarandi 1010","Sarandi 1010",2323,9214.97508450444,"Sábado"
111095,"Sarandi 1010","Sarandi 1010",2872,8708.9040412283,"Jueves"
15019,"Villaflor, Azucena & Dealessi, Pierina","Sarandi 1010",1093,3225.73993457902,"Jueves"
5771,"Cerrito 990 y Av. Marcelo T. De Alvear","Calle Perú, 718",953,3720.51850069644,"Viernes"
584660,"2516 Pereyra Lucena","Calle Perú, 718",2542,7841.58129268908,"Martes"
121772,"Arenales y Aguero","Calle Perú, 718",1693,5171.40016013614,"Domingo"
584660,"Dr Tomas Manuel De  Anchorena &  Jose A. Cabrera","Calle Perú, 718",2209,9002.57536117925,"Miércoles"
356623,"3568 Estados Unidos & Boedo Av.","Calle Perú, 718",2089,6330.74199674269,"Sábado"
256355,"Della Paolera 297, Carlos M. & Av. Leandro N. Alem","Calle Perú, 718",1764,6252.07552261418,"Miércoles"
29130,"Parana & Juncal","Saenz Peña 938, Roque, Pres. Diagonal Norte Av. & Suipacha",1101,3528.90447846245,"Jueves"
107674,"Libertad & lavalle","Saenz Peña 938, Roque, Pres. Diagonal Norte Av. & Suipacha",245,704.640397239321,"Viernes"
121665,"Santa Fe Av. & Bullrich, Int. Av.","394 Rawson & Potosi",2031,6912.30841161644,"Martes"
66945,"137 Aranguren, Juan F., Dr. & Portugal","394 Rawson & Potosi",465,1374.71387282615,"Miércoles"
267008,"3508 Carcova","394 Rawson & Potosi",922,2833.15532190673,"Sábado"
488053,"Santa Fe Av. & Bullrich, Int. Av.","1785 Espinosa",1536,4631.64290140073,"Lunes"
254587,"Av. Patricias Argentinas & Estivao","1785 Espinosa",1228,4888.12521983895,"Sábado"
488053,"Maure 1819","1785 Espinosa",1451,4329.45290066095,"Jueves"
488053,"Maure 1819","1785 Espinosa",1696,6433.27370786832,"Viernes"
488053,"Maure 1819","1785 Espinosa",1537,4564.2601056419,"Domingo"
488053,"Maure 1819","1785 Espinosa",1620,5076.04113116395,"Jueves"
29130,"Ayacucho &Peron, Juan Domingo, Tte. General","Avenida Juan de Garay 1050",1013,4013.03638416155,"Martes"
517670,"Estados Unidos & Lima","Avenida Juan de Garay 1050",339,1218.9154342884,"Viernes"
306856,"Arenales y Aguero","Avenida Juan de Garay 1050",2003,7521.61782224624,"Jueves"
29130,"Avenida Rivadavia y Fray Cayetano","Avenida Juan de Garay 1050",2381,7471.68334881814,"Viernes"
29130,"Avenida Rivadavia y Fray Cayetano","Avenida Juan de Garay 1050",2489,8094.81759216255,"Martes"
29130,"Avenida Rivadavia y Fray Cayetano","Avenida Juan de Garay 1050",2591,9978.76595125159,"Miércoles"
29130,"Avenida Rivadavia y Fray Cayetano","Avenida Juan de Garay 1050",2370,7248.20205488747,"Jueves"
15019,"Villaflor, Azucena & Dealessi, Pierina","Avenida Juan de Garay 1050",924,3768.80090098906,"Martes"
29130,"Libertad & lavalle","Avenida Juan de Garay 1050",919,3672.50824905512,"Jueves"
517670,"Idependencia y Bernardo de Irigoyen","Avenida Juan de Garay 1050",360,1111.68804799672,"Miércoles"
517670,"Idependencia y Bernardo de Irigoyen","Avenida Juan de Garay 1050",419,1476.63261756049,"Martes"
29130,"Esmeralda y Av.Rivadvia","Avenida Juan de Garay 1050",823,3006.37449068858,"Jueves"
301804,"Calcena & Avellaneda Av.","608 Doblas & Valle",744,2748.84977560335,"Viernes"
301804,"Calcena & Avellaneda Av.","608 Doblas & Valle",1090,3076.12335466547,"Miércoles"
301804,"Yerbal 1290","608 Doblas & Valle",568,1946.37828588796,"Viernes"
359462,"4300 Yrigoyen, Hipolito Av.","608 Doblas & Valle",440,1566.12229304543,"Domingo"
204507,"Bartolome Mitre & Av. Puyrredon","608 Doblas & Valle",3137,9856.84166073657,"Sábado"
148410,"Fitz Roy & Gorriti","Virasoro, Valentin & Figueroa, D Apolinario, Coronel",1244,4355.76939955095,"Martes"
358740,"Godoy Cruz  3279 y Libertador","Virasoro, Valentin & Figueroa, D Apolinario, Coronel",1689,6738.07166948585,"Domingo"
107249,"Quintino Bocayuva y Don Bosco","Virasoro, Valentin & Figueroa, D Apolinario, Coronel",1123,3167.10187942469,"Sábado"
219918,"Av. Gaona 2200","494 Gainza, Martin De, Gral.",2076,7996.46989881682,"Domingo"
358740,"1701 Fernandez Moreno, Baldomero","494 Gainza, Martin De, Gral.",1626,5829.72687442477,"Lunes"
2682,"Villaflor, Azucena & Dealessi, Pierina","2133 Figueroa Alcorta",976,3552.84308511764,"Lunes"
464629,"Villaflor, Azucena & Paine, Aime","2133 Figueroa Alcorta",3794,10743.4565345175,"Domingo"
411658,"Carlos H. Perette 11","Carlos H. Perette 11",1356,4595.90056378317,"Martes"
36570,"2908 Salcedo & Dean Funes","1019 Saavedra",708,2888.04961940429,"Viernes"
479539,"780 Malabia & Loyola","1981 Vidal",1818,5192.70861453842,"Miércoles"
227451,"2001 Donado","1981 Vidal",690,1963.48595526069,"Lunes"
227451,"2001 Donado","1981 Vidal",880,3209.45825673536,"Miércoles"
227451,"2001 Donado","1981 Vidal",1758,7066.95395897647,"Sábado"
227451,"Sucre, Antonio Jose De, Mcal. Y Vertiz Virrey Av.","1981 Vidal",504,2044.77714227978,"Jueves"
517670,"Uriburu Jose E., Pres. & Paraguay","169 Peru & Roca, Julio A., Presidente Diagonal Sur Av.",1081,3173.37226738875,"Lunes"
517670,"Avenida Juan de Garay 1050","169 Peru & Roca, Julio A., Presidente Diagonal Sur Av.",839,3328.07125239148,"Jueves"
517670,"Avenida Juan de Garay 1050","169 Peru & Roca, Julio A., Presidente Diagonal Sur Av.",888,3023.32465282331,"Martes"
517670,"Avenida Juan de Garay 1050","169 Peru & Roca, Julio A., Presidente Diagonal Sur Av.",596,1669.18733631545,"Lunes"
517670,"Pellegrini Y Rivadavia Av.","169 Peru & Roca, Julio A., Presidente Diagonal Sur Av.",383,1123.12504498954,"Miércoles"
517670,"Ayacucho 595","169 Peru & Roca, Julio A., Presidente Diagonal Sur Av.",819,2955.37343944889,"Lunes"
517670,"Ayacucho 595","169 Peru & Roca, Julio A., Presidente Diagonal Sur Av.",871,2666.21629944485,"Viernes"
517670,"Villaflor, Azucena & Dealessi, Pierina","169 Peru & Roca, Julio A., Presidente Diagonal Sur Av.",350,1161.96024980228,"Martes"
517670,"Villaflor, Azucena & Dealessi, Pierina","169 Peru & Roca, Julio A., Presidente Diagonal Sur Av.",348,1014.8780440446,"Lunes"
517670,"Villaflor, Azucena & Paine, Aime","169 Peru & Roca, Julio A., Presidente Diagonal Sur Av.",343,1091.0314322155,"Miércoles"
517670,"Villaflor, Azucena & Paine, Aime","169 Peru & Roca, Julio A., Presidente Diagonal Sur Av.",410,1376.9651931523,"Viernes"
2682,"Fitz Roy & Gorriti","Triunvirato Av. & Roosevelt Franklin D. Av.",1294,5291.88506098581,"Martes"
33865,"Triunvirato Av. & Roosevelt Franklin D. Av.","Triunvirato Av. & Roosevelt Franklin D. Av.",2034,6636.9774923136,"Lunes"
272004,"Triunvirato Av. & Roosevelt Franklin D. Av.","Triunvirato Av. & Roosevelt Franklin D. Av.",8924,32518.7757415296,"Lunes"
457893,"1355 San Martin Av.","Triunvirato Av. & Roosevelt Franklin D. Av.",3502,12312.1617534288,"Viernes"
204470,"Av. Del Libertador, 3260","Ramos Mejia, Jose Maria, Dr. Av. & Del Libertador Av.",2275,7819.62174003032,"Miércoles"
121772,"Beruti & Ecuador","Avenida Martin Garcia, 295",2121,5894.7995084823,"Jueves"
410335,"Avenida Martin Garcia, 295","Avenida Martin Garcia, 295",1128,3207.86414300092,"Jueves"
306856,"Lavalle & Bouchard","Avenida Martin Garcia, 295",2993,12446.9685932932,"Lunes"
358123,"3568 Estados Unidos & Boedo Av.","300 Almafuerte Av. & Los Patos",533,1884.06458032227,"Lunes"
358123,"3568 Estados Unidos & Boedo Av.","300 Almafuerte Av. & Los Patos",1588,5446.71574478012,"Jueves"
358123,"3568 Estados Unidos & Boedo Av.","300 Almafuerte Av. & Los Patos",550,1719.05719007352,"Sábado"
358123,"3568 Estados Unidos & Boedo Av.","300 Almafuerte Av. & Los Patos",543,2096.47111969922,"Sábado"
358123,"3568 Estados Unidos & Boedo Av.","300 Almafuerte Av. & Los Patos",1089,3346.76212040067,"Viernes"
358123,"3568 Estados Unidos & Boedo Av.","300 Almafuerte Av. & Los Patos",743,2105.61529421312,"Viernes"
358123,"3024 Calvo, Carlos","300 Almafuerte Av. & Los Patos",1140,3486.4376737775,"Martes"
489084,"Juncal & Salguero, Jeronimo","Fitz Roy  1092 & Loyola",2341,7079.08915998479,"Domingo"
489084,"Costa Rica & Armenia","Fitz Roy  1092 & Loyola",1109,4049.0413445795,"Domingo"
68249,"Cevallos, Virrey& Yrigoyen, Hipolito Av.","Lima 750",670,2051.65422424519,"Jueves"
400560,"Juana De Ibarbourou & Av Patricias Argentinas","La Pampa 2512 & Ciudad de la Paz",4716,17502.594325156,"Lunes"
557738,"Reconquista & Corrientes Av.","Madero, Eduardo Av. & Peron, Juan Domingo, Tte. General",648,2490.10371782351,"Sábado"
188959,"Moreno & Av Paseo Colon","Madero, Eduardo Av. & Peron, Juan Domingo, Tte. General",1653,6267.91482292562,"Lunes"
254587,"1785 Espinosa","Triunvirato Av. & Tronador",1383,5596.45829816291,"Sábado"
83668,"Delgado & Loreto, Virrey","Triunvirato Av. & Tronador",3026,11599.3854816072,"Domingo"
235227,"Triunvirato Av. & Tronador","Triunvirato Av. & Tronador",2068,5928.50298919689,"Martes"
174816,"Andres Lamas&Remedios Escalada de San Martin","Bruno Giordano&Neuquen",1446,4382.39062630067,"Viernes"
174816,"Andres Lamas&Remedios Escalada de San Martin","Bruno Giordano&Neuquen",1309,5442.9796572752,"Sábado"
51863,"Av. Guzman 1100 & Av. Corrientes","Bruno Giordano&Neuquen",2242,9008.73522624283,"Sábado"
408012,"Av. Guzman 1100 & Av. Corrientes","Bruno Giordano&Neuquen",1752,5397.4948764313,"Sábado"
51863,"Av Guzman 129 & Leiva","Bruno Giordano&Neuquen",1871,5866.33894932489,"Sábado"
179732,"608 Doblas & Valle","1019 Riglos",1761,5529.6915854211,"Viernes"
474064,"Olleros Av. & Del Libertador Av.","1483 Quinteros, Lidoro J. Av.",567,2101.47862682061,"Sábado"
42467,"1483 Quinteros, Lidoro J. Av.","1483 Quinteros, Lidoro J. Av.",2368,7724.67530266278,"Sábado"
5018,"1981 Vidal","1483 Quinteros, Lidoro J. Av.",643,1845.13164286974,"Viernes"
474064,"Sucre, Antonio Jose De, Mcal. Y Vertiz Virrey Av.","1483 Quinteros, Lidoro J. Av.",405,1501.67124872678,"Martes"
474064,"Sucre, Antonio Jose De, Mcal. Y Vertiz Virrey Av.","1483 Quinteros, Lidoro J. Av.",415,1501.94932202188,"Martes"
148012,"2292 Montañeses","Vuelta de Obligado 2004",1768,6136.80528067829,"Sábado"
427193,"Cordoba 6599","Vuelta de Obligado 2004",1131,3355.69955967658,"Viernes"
179732,"Av. Rivadavia & Del Barco Centenera","Vuelta de Obligado 2004",2523,9850.92940977678,"Viernes"
407924,"Vuelta de Obligado 2004","Vuelta de Obligado 2004",696,2895.21992387405,"Martes"
306856,"Reconquista 76 & Cordoba Av.","527 25 De Mayo",6965,24123.6173484132,"Sábado"
464629,"Fitz Roy & Gorriti","137 Aranguren, Juan F., Dr. & Portugal",1541,5381.0787747226,"Viernes"
66945,"Maza y don Bosco","137 Aranguren, Juan F., Dr. & Portugal",1011,3785.08624294385,"Viernes"
464629,"1413 Araoz & Gorriti CABA","137 Aranguren, Juan F., Dr. & Portugal",1277,4341.69623135272,"Martes"
464629,"137 Aranguren, Juan F., Dr. & Portugal","137 Aranguren, Juan F., Dr. & Portugal",2243,8036.18920401754,"Lunes"
66945,"Juana De Ibarbourou & Av Patricias Argentinas","137 Aranguren, Juan F., Dr. & Portugal",1813,5418.5860318633,"Jueves"
457893,"Lavalle & Acuña De Figueroa, Francisco","137 Aranguren, Juan F., Dr. & Portugal",679,2078.27633909021,"Viernes"
464629,"Lavalle & Acuña De Figueroa, Francisco","137 Aranguren, Juan F., Dr. & Portugal",846,3029.5121981937,"Miércoles"
396395,"Cordoba 6599","Cordoba 6599",1784,6964.05861944529,"Viernes"
149420,"Av. Sarmiento 2601","Cordoba 6599",1351,4882.88986361974,"Sábado"
149420,"3051 San Martin De Tours","Cordoba 6599",1954,7268.59346826871,"Domingo"
405981,"Beruti & Ecuador","Miguel Sanchez y Av Libertadores",2371,9432.63242943309,"Domingo"
388536,"Olleros Av. & Del Libertador Av.","Miguel Sanchez y Av Libertadores",1061,3269.89343794574,"Miércoles"
383125,"Av. Del Libertador, 3260","Miguel Sanchez y Av Libertadores",3269,11625.0969985306,"Miércoles"
417400,"Miguel Sanchez y Av Libertadores","Miguel Sanchez y Av Libertadores",2960,10272.38738185,"Sábado"
417400,"Miguel Sanchez y Av Libertadores","Miguel Sanchez y Av Libertadores",2009,6626.74846047949,"Sábado"
29130,"ESMERALDA 516","Avenida Martin Garcia y Ruy Díaz de Guzmán",907,3044.25518063201,"Miércoles"
29130,"Avenida Juan de Garay 1050","Avenida Martin Garcia y Ruy Díaz de Guzmán",2045,7252.16016742019,"Lunes"
258093,"1321 Villarroel & Humboldt CABA","Av. Guzman 1100 & Av. Corrientes",445,1349.93248265204,"Lunes"
417813,"Av. Guzman 1100 & Av. Corrientes","Av. Guzman 1100 & Av. Corrientes",816,3050.70286492507,"Viernes"
396395,"Av. Guzman 1100 & Av. Corrientes","Av. Guzman 1100 & Av. Corrientes",1842,5283.93265222549,"Viernes"
396395,"Av. Guzman 1100 & Av. Corrientes","Av. Guzman 1100 & Av. Corrientes",1663,6406.67095790236,"Viernes"
396395,"Av. Guzman 1100 & Av. Corrientes","Av. Guzman 1100 & Av. Corrientes",1642,5350.58263143033,"Sábado"
396395,"Av. Guzman 1100 & Av. Corrientes","Av. Guzman 1100 & Av. Corrientes",1923,6396.86577305256,"Lunes"
383957,"Av. Guzman 1100 & Av. Corrientes","Av. Guzman 1100 & Av. Corrientes",1355,4183.17629094559,"Viernes"
270214,"1798 Matienzo, Benjamin, Teniente","Arcos & Roosevelt Franklin D.",890,2834.79527447101,"Miércoles"
270214,"Maure 1819","Arcos & Roosevelt Franklin D.",848,2570.6975255265,"Lunes"
600071,"J.Ramirez de Velasco 285","Arcos & Roosevelt Franklin D.",3913,11734.3099364788,"Viernes"
270214,"o´higins 1327","Arcos & Roosevelt Franklin D.",1095,4410.80465973452,"Sábado"
306856,"367 Sanchez De Thompson, Mariquita","Ing. E. Butty 291",5803,21623.0205319285,"Viernes"
118261,"ESMERALDA 516","Vera Peñaloza, Rosario 599 & Lanteri Julieta",2884,11008.9207224535,"Martes"
323426,"2000 Vicente Lopez","Vera Peñaloza, Rosario 599 & Lanteri Julieta",3047,8477.11527229048,"Domingo"
204370,"Vera Peñaloza, Rosario 599 & Lanteri Julieta","Vera Peñaloza, Rosario 599 & Lanteri Julieta",1963,6313.86634914864,"Sábado"
467599,"Vera Peñaloza, Rosario 599 & Lanteri Julieta","Vera Peñaloza, Rosario 599 & Lanteri Julieta",2072,6520.94309447954,"Sábado"
467599,"Vera Peñaloza, Rosario 599 & Lanteri Julieta","Vera Peñaloza, Rosario 599 & Lanteri Julieta",1286,3891.14946811007,"Sábado"
467599,"Vera Peñaloza, Rosario 599 & Lanteri Julieta","Vera Peñaloza, Rosario 599 & Lanteri Julieta",2854,11188.9320527714,"Miércoles"
467599,"Vera Peñaloza, Rosario 599 & Lanteri Julieta","Vera Peñaloza, Rosario 599 & Lanteri Julieta",3093,12860.773881031,"Domingo"
467599,"Vera Peñaloza, Rosario 599 & Lanteri Julieta","Vera Peñaloza, Rosario 599 & Lanteri Julieta",2398,8002.89143878876,"Domingo"
188959,"Vera Peñaloza, Rosario 599 & Lanteri Julieta","Vera Peñaloza, Rosario 599 & Lanteri Julieta",1193,4629.89373707646,"Sábado"
467599,"Vera Peñaloza, Rosario 599 & Lanteri Julieta","Vera Peñaloza, Rosario 599 & Lanteri Julieta",2628,9310.03632502398,"Sábado"
409650,"Vera Peñaloza, Rosario 599 & Lanteri Julieta","Vera Peñaloza, Rosario 599 & Lanteri Julieta",1991,5666.30578664545,"Lunes"
204370,"Vera Peñaloza, Rosario 599 & Lanteri Julieta","Vera Peñaloza, Rosario 599 & Lanteri Julieta",243,838.901563730906,"Sábado"
300981,"Vera Peñaloza, Rosario 599 & Lanteri Julieta","Vera Peñaloza, Rosario 599 & Lanteri Julieta",1302,4577.70161157629,"Lunes"
600268,"AZOPARDO 700","Vera Peñaloza, Rosario 599 & Lanteri Julieta",2766,10381.3248816101,"Martes"
5771,"Cerrito 990 y Av. Marcelo T. De Alvear","Balcarce & Yrigoyen, Hipolito Av.",896,2694.5113858415,"Martes"
2682,"2080 Austria","Balcarce & Yrigoyen, Hipolito Av.",1606,6384.64747244984,"Martes"
466366,"383 Blanes, Juan Manuel","383 Blanes, Juan Manuel",1703,5259.85199300824,"Domingo"
139067,"Moreno & Av Paseo Colon","383 Blanes, Juan Manuel",922,3132.60989056758,"Martes"
356623,"608 Doblas & Valle","1701 Fernandez Moreno, Baldomero",1621,6244.92319425076,"Viernes"
176089,"1701 Fernandez Moreno, Baldomero","1701 Fernandez Moreno, Baldomero",1972,5582.3012528553,"Domingo"
179361,"141 Jose Maria Moreno","1701 Fernandez Moreno, Baldomero",850,2515.8059373886,"Jueves"
70729,"Vera Peñaloza, Rosario 599 & Lanteri Julieta","1701 Fernandez Moreno, Baldomero",2501,9256.80805031443,"Lunes"
167923,"Machaca Guemes 350","367 Sanchez De Thompson, Mariquita",6741,25974.7636997257,"Sábado"
139067,"BRASIL&DEFENSA","367 Sanchez De Thompson, Mariquita",1820,5565.78282419489,"Martes"
190119,"2185 Ravignani, Emilio, Dr. & Guatemala","GARCIA DEL RIO & PINTO",2168,7203.13645424063,"Lunes"
417033,"Miguel Sanchez y Av Libertadores","GARCIA DEL RIO & PINTO",610,2492.41557514567,"Viernes"
415612,"Miguel Sanchez y Av Libertadores","GARCIA DEL RIO & PINTO",872,3633.00486227187,"Miércoles"
388536,"2786 Montañeses","GARCIA DEL RIO & PINTO",951,3311.2110995445,"Domingo"
233317,"Vera Peñaloza, Rosario 599 & Lanteri Julieta","GARCIA DEL RIO & PINTO",10908,33033.5839745938,"Lunes"
585710,"Godoy Cruz  3279 y Libertador","2700 Pedraza, Manuela",2024,6105.71807080673,"Viernes"
301804,"608 Doblas & Valle","2700 Pedraza, Manuela",2940,10180.7815444384,"Miércoles"
417033,"Miguel Sanchez y Av Libertadores","2700 Pedraza, Manuela",669,2122.00081385963,"Jueves"
417033,"Miguel Sanchez y Av Libertadores","2700 Pedraza, Manuela",537,2154.21048710996,"Martes"
585710,"1981 Vidal","2700 Pedraza, Manuela",570,2332.58370671926,"Jueves"
584660,"2292 Montañeses","2519 Superi",1859,6206.47349090464,"Sábado"
358740,"80 Larrea","1471 Cucha Cucha",1629,6399.64254575607,"Miércoles"
250567,"Av Guzman 129 & Leiva","1471 Cucha Cucha",1664,5688.93000322084,"Sábado"
174816,"3822 Guemes","1471 Cucha Cucha",1576,4843.18199800069,"Miércoles"
311967,"Figueroa Alcorta, Pres. Av. & Dorrego Av.","2292 Montañeses",2447,9633.16420483267,"Viernes"
542956,"Cevallos, Virrey& Yrigoyen, Hipolito Av.","Villaflor, Azucena & Paine, Aime",1640,4850.65200494137,"Viernes"
192263,"Machaca Guemes 350","Villaflor, Azucena & Paine, Aime",4818,15681.2260504812,"Lunes"
169858,"Madero, Eduardo Av. & Peron, Juan Domingo, Tte. General","Villaflor, Azucena & Paine, Aime",2068,7057.35357495335,"Miércoles"
412767,"Marcelo T. de Alvear & Rodriguez Peña","Villaflor, Azucena & Paine, Aime",2022,6669.06192599175,"Martes"
15019,"Moreno & Av Paseo Colon","Villaflor, Azucena & Dealessi, Pierina",3854,14766.3947624083,"Martes"
15019,"Villaflor, Azucena & Dealessi, Pierina","Villaflor, Azucena & Dealessi, Pierina",2993,12031.8604485639,"Viernes"
517670,"Libertad & lavalle","Villaflor, Azucena & Dealessi, Pierina",745,2647.75098360648,"Viernes"
517670,"561 Uruguay & Av. Tucuman","Villaflor, Azucena & Dealessi, Pierina",2109,8083.37751639968,"Lunes"
63627,"Av. España 2200","Villaflor, Azucena & Dealessi, Pierina",1372,4220.75381116916,"Domingo"
388536,"Olleros Av. & Del Libertador Av.","2786 Montañeses",894,3653.07495780483,"Domingo"
388536,"GARCIA DEL RIO & PINTO","2786 Montañeses",884,2858.12947693824,"Domingo"
211887,"2786 Montañeses","2786 Montañeses",304,1237.19581343854,"Lunes"
306856,"Madero, Eduardo Av. & Peron, Juan Domingo, Tte. General","Lavalle & Bouchard",4579,13985.0839245081,"Domingo"
532306,"Manso Juana & De La Barra, Emma","Manso Juana & De La Barra, Emma",2244,8150.01825434156,"Lunes"
410335,"Manso Juana & De La Barra, Emma","Manso Juana & De La Barra, Emma",7310,29276.0732371826,"Miércoles"
197644,"Villaflor, Azucena & Paine, Aime","Manso Juana & De La Barra, Emma",1628,5169.49515390055,"Sábado"
448781,"Moreno & Av Paseo Colon","Estados Unidos 21",665,2116.50935634841,"Viernes"
448781,"Moreno & Av Paseo Colon","Estados Unidos 21",481,1574.2181156251,"Jueves"
15019,"Villaflor, Azucena & Dealessi, Pierina","Estados Unidos 21",281,961.463849470278,"Sábado"
15019,"Villaflor, Azucena & Dealessi, Pierina","Estados Unidos 21",288,852.395417261869,"Miércoles"
15019,"Villaflor, Azucena & Dealessi, Pierina","Estados Unidos 21",388,1256.63266355793,"Jueves"
81173,"Av. Patricias Argentinas & Estivao","Andres Lamas&Remedios Escalada de San Martin",1251,4596.32348246523,"Lunes"
174816,"Bruno Giordano&Neuquen","Andres Lamas&Remedios Escalada de San Martin",1072,3292.65505806026,"Domingo"
418431,"1540 Garcia, Juan Agustin","Andres Lamas&Remedios Escalada de San Martin",1612,5973.84481424621,"Lunes"
418431,"1540 Garcia, Juan Agustin","Andres Lamas&Remedios Escalada de San Martin",1884,6989.39032479733,"Viernes"
557738,"2000 Vicente Lopez","AZOPARDO 700",1622,5297.75728445513,"Domingo"
557738,"Estados Unidos 21","AZOPARDO 700",978,3935.16279279526,"Domingo"
557738,"Estados Unidos 21","AZOPARDO 700",2138,6918.97085657046,"Lunes"
557738,"Villaflor, Azucena & Dealessi, Pierina","AZOPARDO 700",411,1694.41997605221,"Sábado"
557738,"AZOPARDO 700","AZOPARDO 700",2040,6460.10290594616,"Lunes"
557738,"AZOPARDO 700","AZOPARDO 700",2021,7451.09828067491,"Viernes"
557738,"AZOPARDO 700","AZOPARDO 700",1906,7590.34431052407,"Domingo"
358123,"1590 Lavalle","Iguazu & Uspallata",1355,5299.81347875663,"Viernes"
20771,"1798 Matienzo, Benjamin, Teniente","1399 Moldes",937,3580.47629085745,"Jueves"
5771,"Olleros Av. & Del Libertador Av.","1399 Moldes",1208,4305.75645319445,"Sábado"
83668,"Salguero, Jeronimo & Mansilla, Lucio Norberto, General","1399 Moldes",1734,7012.78974774565,"Domingo"
5018,"Av. Sarmiento 2601","1399 Moldes",1667,5813.60746860543,"Jueves"
5018,"2700 Pedraza, Manuela","1399 Moldes",1140,4273.88893826477,"Miércoles"
464629,"Juana De Ibarbourou & Av Patricias Argentinas","1399 Moldes",2507,10205.729674901,"Sábado"
27319,"684 Boulogne Sur Mer & Tucuman","67 San Martin",1423,4460.13755485959,"Viernes"
268547,"Andres Lamas&Remedios Escalada de San Martin","4083 Vallese, Felipe",940,3505.79983547019,"Martes"
268547,"Andres Lamas&Remedios Escalada de San Martin","4083 Vallese, Felipe",964,3335.59938953129,"Lunes"
268547,"Andres Lamas&Remedios Escalada de San Martin","4083 Vallese, Felipe",825,2621.25011312795,"Miércoles"
268547,"Andres Lamas&Remedios Escalada de San Martin","4083 Vallese, Felipe",1068,3514.65431862744,"Viernes"
298012,"4083 Vallese, Felipe","4083 Vallese, Felipe",2098,8632.43560608244,"Jueves"
254587,"Juana De Ibarbourou & Av Patricias Argentinas","4083 Vallese, Felipe",2365,7389.4333036458,"Miércoles"
254587,"Juana De Ibarbourou & Av Patricias Argentinas","4083 Vallese, Felipe",2718,9233.86620497913,"Martes"
481337,"3817 Traful","3817 Traful",15034,61388.9335012568,"Miércoles"
177117,"141 Jose Maria Moreno","Idependencia y Bernardo de Irigoyen",2603,7967.42405447553,"Martes"
139067,"Balcarce & Yrigoyen, Hipolito Av.","750 Pi Y Margall & Necochea",871,2640.40293716793,"Sábado"
585710,"Olleros Av. & Del Libertador Av.","2519 Conesa",1408,5160.83043817845,"Sábado"
585710,"Olleros Av. & Del Libertador Av.","2519 Conesa",1484,5955.58879008491,"Domingo"
585710,"Olleros Av. & Del Libertador Av.","2519 Conesa",1219,3884.70464515202,"Sábado"
176670,"1413 Araoz & Gorriti CABA","2519 Conesa",1476,5037.29536158498,"Viernes"
585710,"GARCIA DEL RIO & PINTO","2519 Conesa",560,1592.38067647028,"Martes"
585710,"Maure 1819","2519 Conesa",1410,4328.44623268466,"Sábado"
585710,"Maure 1819","2519 Conesa",2197,6360.54523719197,"Sábado"
427193,"Arcos & Roosevelt Franklin D.","2519 Conesa",485,1657.46408551705,"Martes"
427193,"Vuelta de Obligado 2004","2519 Conesa",481,1959.28282823912,"Viernes"
585710,"Amenabar y Mendoza","2519 Conesa",337,1390.44585075365,"Jueves"
77833,"Amenabar y Mendoza","2519 Conesa",2935,9445.63889920149,"Martes"
585710,"Sucre, Antonio Jose De, Mcal. Y Vertiz Virrey Av.","2519 Conesa",758,2899.6561365823,"Jueves"
285484,"Vera Peñaloza, Rosario 599 & Lanteri Julieta","California y General Hornos",3095,11172.3355623948,"Domingo"
118261,"Vera Peñaloza, Rosario 599 & Lanteri Julieta","Esmeralda y Av.Rivadvia",2228,8732.86437793738,"Martes"
467599,"Culpina 121","Culpina 121",1886,7786.55200915528,"Miércoles"
36570,"Idependencia y Bernardo de Irigoyen","Culpina 121",2237,8287.10119080497,"Jueves"
409650,"1590 Lavalle","201 Luna",1538,4880.12399943093,"Lunes"
